#692,404,Background_City 2.08%,Body_Natural 77.03%,Costume_Hodl_hoodie_Teal 1.58%,Face_Natural 81.58%,Eyes_Natural 79.21%,Hats_G_Cap 0.89%,Goggles_math 1.98%,Assets_Mic 4.95%,31.16336634,https://ipfs.io/ipfs/QmZ7XBRz4p58j1ggAfnAvWANxXAXFZuDEjMsr9CKdgMJoH
#664,405,Background_Desert 1.88%,Body_Natural 77.03%,Costume_Trainer_hoodie 2.28%,Face_Natural 81.58%,Eyes_Natural 79.21%,Hats_Burger 3.37%,Goggles_Miami_Club 1.98%,Assets_Basketball 2.38%,31.21287129,https://ipfs.io/ipfs/QmPrKKsWJ8foFq5aHciHmjgJx3suB1v5E3UfbWDypzfis7
#150,406,Background_City_night 2.57%,Body_Natural 77.03%,Costume_1984_Hoodie 1.78%,Face_Natural 81.58%,Eyes_Natural 79.21%,Hats_Burger 3.37%,Goggles_simple 2.08%,Assets_Laptop 2.97%,31.32425743,https://ipfs.io/ipfs/QmPkDf4ZJhmYt3K5C5DsW3TGtxsHgmbwsCQtexJBwaB9p6
#602,407,Background_Purple_Circus 3.17%,Body_Natural 77.03%,Costume_Hunter_S_Thompson_Red 1.49%,Face_Natural 81.58%,Eyes_Natural 79.21%,Hats_Punk 1.09%,Goggles_Oldtimer_small 2.08%,Assets_Mic 4.95%,31.32425743,https://ipfs.io/ipfs/Qma2mQw1MxzwQGHFqEuaiFWCHcnBzY7oTYMfvYQrvLqTxE
#390,408,Background_Evening_Tv 2.67%,Body_Natural 77.03%,Costume_Blue_Brothers_suit 1.98%,Face_Natural 81.58%,Eyes_Natural 79.21%,Hats_Nintendo 1.29%,Goggles_Oldtimer_small 2.08%,Assets_Mic 4.95%,31.3490099,https://ipfs.io/ipfs/QmbQN37pHgDqYLGiZb8GQWZEEooq1c6oZMsmcwtDQAjFeC
#811,409,background_Pink_red 1.68%,Body_Tiger_blue 1.19%,,Face_Pink 14.16%,Eyes_Natural 79.21%,,,Assets_Blues_Bro 0.99%,31.36963696,https://ipfs.io/ipfs/QmcpHfYwjQQe8cGbBPmg8BcA8xgTPoP27hpUGHd3hqaPXf
#461,410,Background_warm 0.69%,Body_Natural 77.03%,Costume_Kujira_Hoodie 0.40%,Face_Green 0.89%,Eyes_Natural 79.21%,Hats_Hunter_S_Thompson_bucket_green 0.79%,Goggles_Bitcoin 1.39%,,31.42326733,https://ipfs.io/ipfs/QmPmMLSgpjUetfyEL8BxZikmsdPnAZ727BxsXFS9G11LWm
#781,411,Background_Planet 1.98%,Body_Natural 77.03%,Costume_Trainer_hoodie 2.28%,Face_Natural 81.58%,Eyes_Natural 79.21%,Hats_Burger 3.37%,Goggles_Bitcoin 1.39%,Assets_Mic 4.95%,31.47277228,https://ipfs.io/ipfs/Qman92aP2eDwYGQCT7TVZbHcY9Ct8CFMnwuBGeLAq9oLm3
#261,412,Background_Northern 0.99%,Body_Natural 77.03%,,Face_Purple 1.58%,Eyes_Natural 79.21%,Hats_Hunter_S_Thompson_bucket_green 0.79%,Goggles_Lolita 0.30%,Assets_Bong_green 1.49%,31.5470297,https://ipfs.io/ipfs/QmWARUhen9kxRXHNhykrGn5iTJeDVr3ypcNJe1istgZRud
#693,413,background_Virtual 1.98%,Body_Natural 77.03%,,Face_Green 0.89%,Eyes_Natural 79.21%,Hats_ATH 0.89%,Goggles_MiamiVice 1.98%,Assets_pool_ball 0.50%,31.68316832,https://ipfs.io/ipfs/QmYRi8SNLTwVStEeio4X9qBw4LgDf5kAn11iSHHc1ppvoE
#773,414,Background_castle 1.09%,Body_Natural 77.03%,Costume_President_suit 1.88%,Face_Blue 1.78%,Eyes_Natural 79.21%,Hats_beanie 1.19%,,Assets_fly_slapper_simple 0.50%,31.70792079,https://ipfs.io/ipfs/Qmbu3MGoQfzmPNSaFxWTNpn1K3YmxrQWwVXjc3zK5apNv7
#253,415,Background_Blue_Planet 1.88%,Body_Natural 77.03%,Costume_Trainer_hoodie 2.28%,Face_Green 0.89%,Eyes_Natural 79.21%,Hats_Bucket_red 1.49%,Goggles_versace 0.69%,,31.80693069,https://ipfs.io/ipfs/QmcNT3wPiYvs3qeWLbNGXu98YSX35GgiPCRYQ7oMnqN7ui
#643,416,background_Virtual_space 2.48%,Body_Natural 77.03%,Costume_Robot_Gold 0.69%,Face_Purple 1.58%,Eyes_Natural 79.21%,,Goggles_Miami_Club 1.98%,Assets_Money 0.99%,31.86881188,https://ipfs.io/ipfs/QmNY3LxmV8ZC4XcpZnsXHD2yqnKnAw1MCeRSmpznLjX4PY
#469,417,Background_Purple_gradient 1.88%,Body_Golden 4.55%,Costume_Karate_Kimono_red 1.09%,Face_Natural 81.58%,Eyes_Stoned 11.49%,,,,31.93069307,https://ipfs.io/ipfs/QmUCaXZRrQU4HVGeo8DaAdoAyHcVeg7jNgckLSXbtHBehz
#813,418,background_Spectrum_reversed 1.49%,Body_Natural 77.03%,Costume_Terminator_Jacket 1.78%,Face_Natural 81.58%,Eyes_Yellow 1.09%,,Goggles_future_snowboard 0.89%,,31.94306931,https://ipfs.io/ipfs/QmWNVoDR953s68E4J4xTDSTqgxkqTKaoEcoQQaQNdFPJLn
#543,419,background_Gradient 1.29%,Body_Natural 77.03%,Costume_Kujira_T-shirt 0.59%,Face_Natural 81.58%,Eyes_Yellow 1.09%,Hats_red_Henseiser 0.59%,,Assets_Pipe_red 2.97%,32.01732673,https://ipfs.io/ipfs/QmRaYLrdhM2ar64d4fRqPxrLCj3r1em4DSW1JDU5AzLeBD
#757,420,Background_Soft_red 1.09%,Body_Natural 77.03%,Costume_Loop_T-shirt 0.30%,Face_Natural 81.58%,Eyes_Electric 2.48%,Hats_Punk 1.09%,,Assets_Cigar_gold 1.68%,32.02970297,https://ipfs.io/ipfs/QmSjB9m2er752PWwdMg16NnNSf7NQPSZtmh2GNHuBEeMZR
#363,421,Background_Grey_Fog 0.89%,Body_Tiger_blue 1.19%,,Face_Natural 81.58%,Eyes_Natural 79.21%,Hats_Wagmi 1.58%,Goggles_monocle 0.59%,Assets_Skateboard_banana 0.40%,32.05445545,https://ipfs.io/ipfs/QmVyTsUcQDKDHdB6REpN74tPnxcwntfNnpSBxW5mPuVAsr
#186,422,Background_Soft_green 1.39%,Body_Natural 77.03%,,Face_Natural 81.58%,Eyes_Green 2.38%,Hats_White_Karate_bandana 1.19%,Goggles_VR_3d 0.79%,Assets_money_warm 1.29%,32.07920792,https://ipfs.io/ipfs/QmUkb5VqAPDxgHPWQGxbC9Pdezwss9C1TWfsCLwiznQhby
#673,423,Background_Purple_Circus 3.17%,Body_Purple 3.17%,Costume_Wtv_Hoodie 1.78%,Face_Pink 14.16%,Eyes_Natural 79.21%,,,,32.07920792,https://ipfs.io/ipfs/Qmcn18M9yYASzht753gXYXmUfVbYoJxcn4tfFbdHgBuiZC
#921,424,background_Gradient 1.29%,Body_Tige_Teal_Stripes 0.99%,Costume_Wagman 0.20%,Face_Natural 81.58%,Eyes_Natural 79.21%,,,Assets_dynamite 1.98%,32.09158416,https://ipfs.io/ipfs/QmRsD7CraiCunnQiqzbnDe4iemdGB5682HNeMgXMXFqepp
#471,425,Background_Desert 1.88%,Body_Natural 77.03%,,Face_Natural 81.58%,Eyes_Electric 2.48%,Hats_red_Henseiser 0.59%,Goggles_Club_Tropicana 0.59%,Assets_Cigar_thick 1.68%,32.1039604,https://ipfs.io/ipfs/Qmf5nSqA3f7Jkyxv6bDB8fxnhcNpMbhYrz27kVyJBkoUkF
#450,426,background_Coins 0.89%,Body_Natural 77.03%,Costume_Trainer_hoodie 2.28%,Face_Natural 81.58%,Eyes_Electric 2.48%,Hats_Afro 0.50%,Goggles_sunglasses 1.29%,,32.12871287,https://ipfs.io/ipfs/QmYZbDc44GyCvwqf1hLm6U4JYnVjmfdRJXZjbqbiW6bne7
#206,427,Background_orange 1.39%,Body_Natural 77.03%,Costume_Netscape_tee 1.88%,Face_Natural 81.58%,Eyes_Laser 2.38%,Hats_Classic 1.49%,Goggles_VR 0.40%,,32.14108911,https://ipfs.io/ipfs/QmNNgFvkPB3xmGu9T4KR7eM7Q8y86w8uUCuQsx1JVZa2hM
#625,428,Background_Brightblue 1.88%,Body_Natural 77.03%,Costume_Astro_Soviet 0.79%,Face_Natural 81.58%,Eyes_Green 2.38%,,Goggles_VR_ATARI 0.40%,Assets_Football 2.08%,32.14108911,https://ipfs.io/ipfs/QmY3vuY2xvUbFd7mKh7evhwoVPJo2iGanbaC5FJ4yjTmmN
#637,429,Background_Planet 1.98%,Body_Natural 77.03%,Costume_Hunter_S_Thompson_Red 1.49%,Face_Natural 81.58%,Eyes_Yellow 1.09%,,Goggles_Nights_Snowboard 1.09%,Assets_vampireteeth 1.88%,32.14108911,https://ipfs.io/ipfs/Qmdt8hCQ2U8JSSK27PqQGCsBkCGRk7D7EuWPAgz68QJHat
#774,430,Background_Desert_Moon 1.39%,Body_Tige_Pink 1.78%,,Face_Natural 81.58%,Eyes_Natural 79.21%,Hats_Winter_headphones_Yellow 0.30%,Goggles_architect 0.69%,Assets_Cigarette 1.29%,32.15346535,https://ipfs.io/ipfs/Qme2xhN59p5GnGsSK2awhsPr8nySLnnBySpPh7yhhej7fB
#49,431,Background_Earth 2.77%,Body_Natural 77.03%,Costume_God_hoodie 1.29%,Face_Natural 81.58%,Eyes_Green 2.38%,Hats_Whale_cap 0.99%,,Assets_Bigteeth 0.40%,32.17821782,https://ipfs.io/ipfs/Qmb9G2snqZUjZgDS78oGnXDLo2hDjRTkLpUSvxdpmchQF7
#561,432,Background_Blue_circus_2 2.28%,Body_Natural 77.03%,Costume_Kujira_T-shirt 0.59%,Face_Natural 81.58%,Eyes_Laser 2.38%,,,Assets_Football 2.08%,32.17821782,https://ipfs.io/ipfs/QmPs7kbyN5QEJqgVcYkt25axVg4o4pVybRuHqr6kFLajGo
#1003,433,Background_warm_Blue 1.88%,Body_Tiger_blue_purpleStripes 1.19%,Costume_Wagmi_Relax_tee 0.99%,Face_Natural 81.58%,Eyes_Natural 79.21%,Hats_Atari_Black_Cap 0.79%,,Assets__lighter 0.89%,32.19059406,https://ipfs.io/ipfs/QmV5zmjZWVUiu1eGYVe63FjGwW88XqHdb1dXQ7a9oXDNts
#274,434,Background_Virtual-desert 1.09%,Body_Teal 1.09%,Costume_Luna_Hoodie 1.09%,Face_Natural 81.58%,Eyes_Natural 79.21%,,,Assets_Football 2.08%,32.2029703,https://ipfs.io/ipfs/QmZYxdaWnwhvunRhtBSHj7RZvV4V5pxVY2M9fMYwnHzQud
#582,435,Background_Velvet 1.98%,Body_Natural 77.03%,,Face_Purple 1.58%,Eyes_Natural 79.21%,Hats_Winter 2.28%,Goggles_Writer 1.58%,Assets_Pipe_red 2.97%,32.2029703,https://ipfs.io/ipfs/QmZvceeJUF4hgDmwnjgyyCkDp2YgwFWAwXuNqJfaCYf94n
#843,436,background_Spectrum_reversed 1.49%,Body_Tige_Pink 1.78%,Costume_Ron 0.59%,Face_Natural 81.58%,Eyes_Natural 79.21%,Hats_hair 0.20%,,Assets_Donut 1.78%,32.2029703,https://ipfs.io/ipfs/QmSKZ9r6mHKSLsiFRMZRK9yXLBCd2DUwfnfhgczU9m4C93
#22,437,Background_Earth 2.77%,Body_Tige_Pink 1.78%,,Face_Natural 81.58%,Eyes_Natural 79.21%,Hats_beach_hat 0.10%,Goggles_80s 1.09%,Assets_Shotgun_Short 0.20%,32.21534653,https://ipfs.io/ipfs/QmWwTFWY1gTRUU3h2q1h3GVDhQt9u78ebGXb9BWKhqWM3A
#354,438,Background_Desert 1.88%,Body_Natural 77.03%,Costume_GraviDAO_Hoodie_white 0.20%,Face_Natural 81.58%,Eyes_Purple 0.69%,Hats_Burger 3.37%,,Assets_High_Beer 1.98%,32.21534653,https://ipfs.io/ipfs/QmYLnWi3iDn6HJnbo74Na6zuNckCQp3X3hnS7DugWQSQKx
#754,439,Background_Purple_Circus 3.17%,Body_Natural 77.03%,,Face_Natural 81.58%,Eyes_Electric 2.48%,Hats_helmet_blue 0.40%,Goggles_Cuban_Dream 1.58%,Assets_Hose_red 0.50%,32.21534653,https://ipfs.io/ipfs/QmUs4G3ckPoMiL4U6BnXqb39WV9vfnGYwj2T6mK1hEqUii
#917,440,Background_Teal 1.78%,Body_Natural 77.03%,Costume_LFG_Hoodie 2.18%,Face_Natural 81.58%,Eyes_Laser 2.38%,,Goggles_blue 1.29%,Assets_Gold_teeth 0.59%,32.22772277,https://ipfs.io/ipfs/QmZRcTDn8MHyoQbKXSMgeAFtXyfgueK7skAgGpvNmH8ycU
#927,441,background_Virtual_space 2.48%,Body_Tige_Teal_Stripes 0.99%,,Face_Natural 81.58%,Eyes_Natural 79.21%,Hats_Gucci_Cap 0.20%,Goggles_bionic 1.39%,Assets_Blues_Bro 0.99%,32.22772277,https://ipfs.io/ipfs/QmVuARkynAJGNU24MPyrHdVQe5mZejpR2aVsgrMw1FR4L9
#595,442,Background_Warm_Red 1.09%,Body_Natural 77.03%,Costume_Hunter_S_Thompson_Red 1.49%,Face_Natural 81.58%,Eyes_Green 2.38%,Hats_Fire_Hair 0.99%,,Assets_icecream 2.48%,32.25247525,https://ipfs.io/ipfs/QmVMM3ELx68Ut8m5UQRB6x1zn446pTwgTBrA3yz7zvDfya
#768,443,Background_Planet 1.98%,Body_Natural 77.03%,Costume_Box_Champion_Belt 1.49%,Face_Natural 81.58%,Eyes_Yellow 1.09%,,Goggles_Bitcoin 1.39%,,32.25247525,https://ipfs.io/ipfs/QmTVwWhKdN65dedkGLDGQvquAsC7nZjJ1vK82riwTTmQHu
#675,444,Background_Sky 0.99%,Body_Tiger_purple_stripes 1.29%,Costume_Banana_T-shirt 0.79%,Face_Natural 81.58%,Eyes_Natural 79.21%,,Goggles_simple 2.08%,Assets_Gold_Mic 1.19%,32.26485149,https://ipfs.io/ipfs/QmaiVQgYQtbP4v85LyFTFCWUQVVfVid7XgPaFTyCZjTogT
#281,445,background_Gradient_reversed 1.19%,Body_Tiger 1.19%,Costume_Hodl_hoodie 0.69%,Face_Natural 81.58%,Eyes_Natural 79.21%,Hats_Child_Cap 1.58%,,Assets_Cigar_thick 1.68%,32.26485149,https://ipfs.io/ipfs/QmYNQofTPDpnPUhp6nP6xhAz5SMv77ugM35Xxna9oAjeSg
#401,446,Background_castle 1.09%,Body_Tiger_blue 1.19%,Costume_President_suit_2 0.69%,Face_Natural 81.58%,Eyes_Natural 79.21%,Hats_Bucket_red 1.49%,,Assets_Football 2.08%,32.28960396,https://ipfs.io/ipfs/QmZdHYz83mfZhzToHPbeHotGn7JFkHnJqzwba5RvR6KGHC
#738,447,Background_warm_Blue 1.88%,Body_Tiger_blue 1.19%,Costume_Box_Champion_Belt 1.49%,Face_Natural 81.58%,Eyes_Natural 79.21%,Hats_angel 0.59%,,Assets_Bling_money 1.49%,32.3019802,https://ipfs.io/ipfs/QmX3vrZmKtVZiuzqpNuiUVaKZpYdB17LJz58QDLWhyGZko
#931,448,Background_Velvet 1.98%,Body_Red 1.09%,Costume_Pharaoh 0.50%,Face_Natural 81.58%,Eyes_Natural 79.21%,Hats_Ghostrider_blue 1.29%,Goggles_Android_assassin 1.98%,,32.32673267,https://ipfs.io/ipfs/QmbW6TdyAySGhnc3oa84ReSZHARpJER9Z5ejNLHM7Hx149
#962,449,Background_Blue 1.68%,Body_Tige_Pink 1.78%,,Face_Natural 81.58%,Eyes_Natural 79.21%,Hats_Bucket_red 1.49%,Goggles_robot_gold 1.09%,Assets_toy 0.79%,32.32673267,https://ipfs.io/ipfs/QmRkUG83o8e6eabByDgNpNPPGZyCwFEx1ei5Q5acAdJcev
#138,450,Background_Evening_Tv 2.67%,Body_Natural 77.03%,,Face_Natural 81.58%,Eyes_Laser 2.38%,Hats_Deeds_headphones 0.89%,Goggles_agent 1.29%,Assets_Donut 1.78%,32.32673267,https://ipfs.io/ipfs/QmNfr6tHrARP78goCVuh1yEbtTyACnKS6xzNYAbUc11Xfw
#598,451,Background_Purple_gradient 1.88%,Body_Teal 1.09%,Costume_Hunter_S_Thompson_Red 1.49%,Face_Natural 81.58%,Eyes_Natural 79.21%,Hats_Coder 0.59%,,Assets_dynamite 1.98%,32.35148515,https://ipfs.io/ipfs/QmRb91uqp9Usz4TB1bAMHpnZXu5BR8CVsR3xgUQJhxNNoJ
#981,452,background_Spectrum_reversed 1.49%,Body_Natural 77.03%,Costume_Pharaoh 0.50%,Face_Natural 81.58%,Eyes_Electric 2.48%,Hats_Burger 3.37%,Goggles_DrugLord 1.39%,,32.35148515,https://ipfs.io/ipfs/QmcQ55y9pze7N2JUKVJmGZWLCEyqRQNRGtPPHxRHPbQLzK
#234,453,Background_Blue_circus 2.48%,Body_Natural 77.03%,,Face_Natural 81.58%,Eyes_Electric 2.48%,Hats_Karate_bandana 0.89%,Goggles_Oldtimer_gold_Blue 1.98%,Assets_Bling_money 1.49%,32.36386139,https://ipfs.io/ipfs/QmeaodnnmMfGZnwtuazZtSsJrs9qwtDqfcd1Wr7oj11TLC
#110,454,Background_Future_City 0.50%,Body_Tiger 1.19%,Costume_Ofend_Hoodie 1.98%,Face_Natural 81.58%,Eyes_Natural 79.21%,Hats_White_fedora 1.58%,,Assets_vampireteeth 1.88%,32.36386139,https://ipfs.io/ipfs/QmUzE8csqPeS78qggcqa5gGzrgQP67Qs826fP2XTU3kKGj
#576,455,background_Virtual 1.98%,Body_Tiger 1.19%,Costume_Luchador_Rojo 0.79%,Face_Natural 81.58%,Eyes_Natural 79.21%,,Goggles_Nights_Snowboard 1.09%,Assets_Football 2.08%,32.36386139,https://ipfs.io/ipfs/QmZfkdZNEcXvo3zE3qeR3oC1f6xEAy2atWFF2mzU8Lw5Xu
#660,456,Background_Grey_Fog 0.89%,Body_Tige_Teal_Stripes 0.99%,Costume_Smartass_tee 1.58%,Face_Natural 81.58%,Eyes_Natural 79.21%,,Goggles_MiamiVice 1.98%,Assets_Cigar_gold 1.68%,32.36386139,https://ipfs.io/ipfs/QmXBy1VCHZbuzAG15XNa4UpnK1AEnPvykuZmP5eF2TGzu1
#337,457,Background_Blue_circus_2 2.28%,Body_Natural 77.03%,Costume_Trainer_green 1.58%,Face_Natural 81.58%,Eyes_Laser 2.38%,Hats_black_fedora 0.79%,,Assets_Basketball 2.38%,32.37623762,https://ipfs.io/ipfs/QmZ8FgZdHGj6eWaUpqaaHtkgygtZ5pg81PuTJiqpP5bRaG
#535,458,Background_Soft_green 1.39%,Body_Blue 3.66%,,Face_Natural 81.58%,Eyes_Natural 79.21%,Hats_basketball_Headband 0.69%,Goggles_agent 1.29%,Assets__hammer 0.30%,32.38861386,https://ipfs.io/ipfs/QmfHgtY9pjyZcLzcb9tvrX2rQhgRmUFfqopHYWfV8VVRVB
#880,459,Background_Soft_green 1.39%,Body_Blue 3.66%,Costume_Mario 0.40%,Face_Natural 81.58%,Eyes_Natural 79.21%,Hats_black_fedora 0.79%,Goggles_robot_gold 1.09%,,32.38861386,https://ipfs.io/ipfs/QmcvgfXTfgDxGruxngRg3bX5XKrQ3RPrf73j1oXebawZ7g
#28,460,Background_Velvet 1.98%,Body_Tiger_Alien 0.79%,Costume_Hodl_hoodie_Teal 1.58%,Face_Natural 81.58%,Eyes_Natural 79.21%,Hats_Winter 2.28%,Goggles_VR_NINJA 0.79%,,32.4009901,https://ipfs.io/ipfs/QmbiQnQ5tfJmBQtyTGUKPmemdoC6BZtABsD6DrXqed4qHn
#13,461,Background_Warm_winter 2.67%,Body_Tiger_purple_stripes 1.29%,Costume_God_hoodie 1.29%,Face_Natural 81.58%,Eyes_Natural 79.21%,Hats_helmet_blue 0.40%,,Assets_Donut 1.78%,32.4009901,https://ipfs.io/ipfs/QmQCVppfxFTa4fZmgX4dF3QToZRhXP7QZuRB7kvXHL5TLk
#663,462,Background_Blue_Planet 1.88%,Body_Natural 77.03%,Costume_Astro_Soviet 0.79%,Face_Natural 81.58%,Eyes_Green 2.38%,,Goggles_Oldtimer_small 2.08%,Assets_Bong_simple 2.48%,32.4009901,https://ipfs.io/ipfs/QmVDaCJ8iiP8MG4PWx14kTALMej43GrkzGWrHJn21V25QV
#506,463,Background_Japanese_Mist 2.18%,Body_Tiger 1.19%,Costume_Netscape_tee 1.88%,Face_Natural 81.58%,Eyes_Natural 79.21%,,Goggles_gold_class 1.29%,Assets_Money 0.99%,32.41336634,https://ipfs.io/ipfs/QmYg3YTBid86nD8kPqQTQLkxtPnQkqhMHjDpNZSUAaKPM7
#208,464,Background_Warm_winter 2.67%,Body_Natural 77.03%,Costume_Lunatic_Hoodie 1.09%,Face_Natural 81.58%,Eyes_Electric 2.48%,Hats_Bucket_fashion 1.49%,,Assets_High_Beer 1.98%,32.41336634,https://ipfs.io/ipfs/QmbMpxQ2MamZ2uswDWWibt7Ef2LoEwvBNEcD4hzKM6oVA9
#456,465,Background_City 2.08%,Body_Tiger_blue 1.19%,,Face_Natural 81.58%,Eyes_Natural 79.21%,Hats_fresh_look_headphones 0.50%,Goggles_blue 1.29%,Assets_Bong_simple 2.48%,32.41336634,https://ipfs.io/ipfs/QmehJpWi9K138H84Sr2AXXLek9z4Y48rZvgz3xzvrE7ogB
#662,466,Background_Miami_simple 1.88%,Body_Tiger_purple_stripes 1.29%,,Face_Natural 81.58%,Eyes_Natural 79.21%,Hats_Atari_Black_Cap 0.79%,Goggles_vogue 0.59%,Assets_Laptop 2.97%,32.41336634,https://ipfs.io/ipfs/QmWe4vXBNokXmMwpTcUwRXw7Go13HUmYTgpihUgXxckfzj
#919,467,background_Pink_red 1.68%,Body_Purple 3.17%,Costume_Yellow_tie 0.20%,Face_Natural 81.58%,Eyes_Natural 79.21%,Hats_Wagmi_Cap 0.89%,,Assets_Bling_luna 1.68%,32.42574257,https://ipfs.io/ipfs/QmNcX1uxSgsrc4dryqiMiVdVa4Eo34f8u34fHs2wuVxP2N
#594,468,Background_Velvet 1.98%,Body_Purple 3.17%,,Face_Natural 81.58%,Eyes_Natural 79.21%,Hats_Kujira_Protocol_cap2 0.30%,Goggles_HunterS_Thompson 0.89%,Assets_Bong_green 1.49%,32.45049505,https://ipfs.io/ipfs/QmeUNGjCcka1D9euiDVKcZPU9tGjHEiMVcn5CRthFdpoFA
#915,469,Background_Northern_mountains 2.08%,Body_Blue 3.66%,Costume_Gimp 0.30%,Face_Natural 81.58%,Eyes_Natural 79.21%,,Goggles_gold_class 1.29%,Assets_pool_ball 0.50%,32.45049505,https://ipfs.io/ipfs/Qmbie4CtZK7YqyXz97Sxsw7WfKdWCY2HxJ7piYe6Ydjjv8
#884,470,Background_Northern_mountains 2.08%,Body_Teal 1.09%,,Face_Natural 81.58%,Eyes_Natural 79.21%,Hats_Punk 1.09%,Goggles_Driver 1.19%,Assets_icecream 2.48%,32.46287129,https://ipfs.io/ipfs/QmbRSo7SxturdrgKAho4nJ9tHqz5BwQgsxRpbWoLjkRexQ
#333,471,background_Coins 0.89%,Body_Blue 3.66%,Costume_Don_Suit 0.69%,Face_Natural 81.58%,Eyes_Natural 79.21%,Hats_Spikes_Red 1.19%,Goggles_Cuban_Dream 1.58%,,32.47524752,https://ipfs.io/ipfs/QmYrYCSPLBRJx2Pi6MzyLWV7BwEZgEGHwHn2sxkZXdzy7h
#240,472,Background_Miami_simple 1.88%,Body_Natural 77.03%,,Face_Natural 81.58%,Eyes_Green 2.38%,Hats_Luna_cap 0.59%,Goggles_Oldtimer_gold_Blue 1.98%,Assets_Ser_Beer 3.47%,32.48762376,https://ipfs.io/ipfs/QmNpgAcHqdoNL2P1gpcSHqJTsuujjVgooMyw8EVAPYv2Gm
#184,473,Background_Bright_Sky 1.58%,Body_Tige_Teal_Stripes 0.99%,Costume_Police 0.59%,Face_Natural 81.58%,Eyes_Natural 79.21%,,Goggles_simple 2.08%,Assets_Laptop 2.97%,32.5,https://ipfs.io/ipfs/QmcrxuZ8c182j4zNrkj9UK494QsZJsTgSxwGKCRqXzkr2F
#413,474,Background_Soft_green 1.39%,Body_Golden 4.55%,Costume_Harry_Pot 0.30%,Face_Natural 81.58%,Eyes_Natural 79.21%,Hats_Hunter_S_Thompson_bucket_green 0.79%,,Assets_Rainbow_teeth 1.39%,32.52475248,https://ipfs.io/ipfs/QmSnP7CKVLz5crQoSu9j5MJbTMGkRkKDPGAonjfTBvRbEu
#338,475,Background_Beach 2.87%,Body_Tiger_purple_stripes 1.29%,Costume_Trainer_green 1.58%,Face_Natural 81.58%,Eyes_Natural 79.21%,Hats_basketball_Headband 0.69%,,Assets_dynamite 1.98%,32.52475248,https://ipfs.io/ipfs/QmXzLkX5Yn17KojYn9qpGDZAnTqryRYPMsoxy2xCYB7z22
#726,476,Background_Desert 1.88%,Body_Purple 3.17%,Costume_Luchador_Verde 0.69%,Face_Natural 81.58%,Eyes_Natural 79.21%,Hats_Banana_Cap 0.59%,,Assets_Player 2.08%,32.52475248,https://ipfs.io/ipfs/QmQaJ24JZF9UR1iMgqU7gAWzS2WnwMVppPANhm9mD1nDpk
#421,477,Background_Altered_States 0.79%,Body_Tiger_blue 1.19%,Costume_BlackMetal_Hoodie 1.09%,Face_Natural 81.58%,Eyes_Natural 79.21%,Hats_Atari_Cap 0.69%,,Assets_Mic 4.95%,32.56188119,https://ipfs.io/ipfs/QmVoPZqFyiW4ADw98gkc6Wv6BSetiYXbZu2U6wiVbcMdj4
#258,478,Background_Nevada 2.67%,Body_Tige_Pink 1.78%,Costume_President_suit 1.88%,Face_Natural 81.58%,Eyes_Natural 79.21%,,Goggles_agent_green 0.50%,Assets_Samurai-Sword 2.08%,32.58663366,https://ipfs.io/ipfs/QmVbrigjQcfurLpbLXUSsbnUuauuDZTc41zFn4aEJuZddu
#519,479,Background_warm_Blue 1.88%,Body_Purple 3.17%,Costume_Lunatic_Hoodie 1.09%,Face_Natural 81.58%,Eyes_Natural 79.21%,Hats_White_fedora 1.58%,,Assets_Cigar_simple 1.19%,32.58663366,https://ipfs.io/ipfs/QmdmpCy5fhQnSdwQLP4z8GNi1wvqrCap3YHyDFx2UvnZsj
#772,480,background_Spectrum 2.67%,Body_Natural 77.03%,Costume_Luchador_Blue 1.09%,Face_Natural 81.58%,Eyes_Green 2.38%,Hats_Child_Cap 1.58%,,Assets_Ser_Beer 3.47%,32.5990099,https://ipfs.io/ipfs/QmZM9HzbnEWALweju7F7XN5eXVrZXMAb47XL64YMv1oaLc
#863,481,Background_City_night 2.57%,Body_Red 1.09%,Costume_Ofend_Hoodie 1.98%,Face_Natural 81.58%,Eyes_Natural 79.21%,,Goggles_thug 0.89%,Assets_Bong_simple 2.48%,32.5990099,https://ipfs.io/ipfs/QmQgK1HGaAwgAh27mwXsvFns1nqyPe7WwBaEVwHnxCoh67
#955,482,background_banknotes_warm 0.30%,Body_Golden 4.55%,Costume_Police 0.59%,Face_Natural 81.58%,Eyes_Natural 79.21%,Hats_Child_Cap 1.58%,,Assets_Samurai-Sword 2.08%,32.61138614,https://ipfs.io/ipfs/QmYyzTxkukg6EU5ktCe4xq2dVZPJ7YYn3QCLfzR9m2FzxH
#305,483,Background_City 2.08%,Body_Golden 4.55%,Costume_Trainer_green 1.58%,Face_Natural 81.58%,Eyes_Natural 79.21%,Hats_Luchador_Pesadilla_Azul 0.20%,,Assets_toy 0.79%,32.62376238,https://ipfs.io/ipfs/QmUe5qaFy3zYFPvnYX1PTzWbVM8BgTLcrejM69LrWxwg1d
#925,484,Background_City 2.08%,Body_Purple 3.17%,Costume_Hodl_hoodie_Teal 1.58%,Face_Natural 81.58%,Eyes_Natural 79.21%,,Goggles_Miami_Club 1.98%,,32.62376238,https://ipfs.io/ipfs/QmR1SqUwqi5cqoGf7QEnkbQNLTEb4DwabTAVTmgF3MemBd
#156,485,Background_Evening_Tv 2.67%,Body_Tige_Pink 1.78%,Costume_Box_Champion_Belt 1.49%,Face_Natural 81.58%,Eyes_Natural 79.21%,Hats_White_Karate_bandana 1.19%,,Assets_Player 2.08%,32.62376238,https://ipfs.io/ipfs/QmXTHVhz7AVPW6mNWQPAySjaFGQLE7ixFEpBs4g79QF6rc
#861,486,Background_Earth 2.77%,Body_Blue 3.66%,,Face_Natural 81.58%,Eyes_Natural 79.21%,Hats_ATH 0.89%,Goggles_laser 0.69%,Assets_rodent_teeth 1.29%,32.63613861,https://ipfs.io/ipfs/QmUwJQw2p1UcpfnfpFkh2NqNBM9VNPXTex1deRkKre18uU
#596,487,Background_Miami_simple 1.88%,Body_Golden 4.55%,Costume_mad_max 0.50%,Face_Natural 81.58%,Eyes_Natural 79.21%,,Goggles_Studio54 1.19%,Assets_money_warm 1.29%,32.64851485,https://ipfs.io/ipfs/QmRqpSvbxRYRrVJxvouDzQg91QQNW6ZHnGVJSGBbE6rzkW
#622,488,background_Virtual 1.98%,Body_Purple 3.17%,Costume_Netscape_tee 1.88%,Face_Natural 81.58%,Eyes_Natural 79.21%,Hats_Red_headphones 0.50%,,Assets_vampireteeth 1.88%,32.64851485,https://ipfs.io/ipfs/QmXS4bvwmVTXxi3Kz8auLPb7F5zcRWvJiiyTs1Tg98i6dW
#419,489,Background_City_Bright 1.19%,Body_Purple 3.17%,Costume_Trainer_red 1.58%,Face_Natural 81.58%,Eyes_Natural 79.21%,,Goggles_vogue 0.59%,Assets_Pipe_red 2.97%,32.66089109,https://ipfs.io/ipfs/QmNk5kyPwHthBxGwqvjEKop8DgNYtuTpF4cX2UfijNqtuT
#252,490,background_Spectrum_reversed 1.49%,Body_Blue 3.66%,Costume_Blue_Brothers_suit 1.98%,Face_Natural 81.58%,Eyes_Natural 79.21%,Hats_party 1.49%,,Assets_Cigar_Gold_thick 1.09%,32.68564356,https://ipfs.io/ipfs/QmauVmiNjNJoJczEiNaTa4tWL1ydQoVKqSDag9hso7Nqez
#57,491,Background_Warm_winter 2.67%,Body_Purple 3.17%,Costume_mad_max 0.50%,Face_Natural 81.58%,Eyes_Natural 79.21%,Hats_Hunter_S_Thompson_cap 1.68%,,Assets_Donut 1.78%,32.6980198,https://ipfs.io/ipfs/QmUVHP4rUNFyCqLjvFbRPFkp7ErpfRDXaX5fkdUKbMaWtw
#407,492,Background_Mars 2.28%,Body_Blue 3.66%,Costume_PS_Tee 0.99%,Face_Natural 81.58%,Eyes_Natural 79.21%,Hats_Boy_cap 2.57%,Goggles_monocle 0.59%,,32.73514851,https://ipfs.io/ipfs/QmeRfVZ4o9JB2XD2J4iUfq7fjmSdfaqScomR6KiDg7Ssik
#420,493,Background_City_Bright 1.19%,Body_Golden 4.55%,Costume_Lunatic_Hoodie 1.09%,Face_Natural 81.58%,Eyes_Natural 79.21%,Hats_Hunter_S_Thompson_bucket_green 0.79%,,Assets_icecream 2.48%,32.73514851,https://ipfs.io/ipfs/QmPaeL9VLC8LDJxVFB7rAPEg19eACyQmrnPiKgrVgs4Qq3
#482,494,Background_Egypt 1.29%,Body_Teal 1.09%,Costume_Trainer_hoodie 2.28%,Face_Natural 81.58%,Eyes_Natural 79.21%,Hats_Royal_cap 0.59%,,Assets_Mic 4.95%,32.74752475,https://ipfs.io/ipfs/QmQ2yHZ1gBxwXAzCG9TSbxwpqnUgpK91GsWx1ZeCokbwYC
#679,495,Background_Evening_Tv 2.67%,Body_Golden 4.55%,,Face_Natural 81.58%,Eyes_Natural 79.21%,Hats_Loop_Protocol_cap 0.99%,Goggles_dealer 1.68%,Assets__hammer 0.30%,32.74752475,https://ipfs.io/ipfs/QmVF64VNZtDyedozvrpKdGW2r9MAGT5fkexa6nBMJAFNqC
#79,496,Background_Grey_Fog 0.89%,Body_Golden 4.55%,Costume_Superior_hoodie 1.98%,Face_Natural 81.58%,Eyes_Natural 79.21%,Hats_Spikes_Red 1.19%,Goggles_snoop 1.68%,,32.75990099,https://ipfs.io/ipfs/QmQAtKFUhmL6cToXuvQv2qpkVhNueSaMvbMEn5H93iuuVc
#128,497,Background_Velvet 1.98%,Body_Purple 3.17%,Costume_Lunatic_Hoodie 1.09%,Face_Natural 81.58%,Eyes_Natural 79.21%,Hats_Boy_cap 2.57%,,Assets_Bling_luna 1.68%,32.78465347,https://ipfs.io/ipfs/QmWJ8hRdS7gFmVZa5reAjRzWfymGGjuA4skWzaLzmTF34k
#285,498,Background_Mars 2.28%,Body_Purple 3.17%,Costume_Whale_Hoodie 1.49%,Face_Natural 81.58%,Eyes_Natural 79.21%,Hats_Classic 1.49%,,Assets_Player 2.08%,32.78465347,https://ipfs.io/ipfs/QmQKaKQ2JuH9WtVjZt4zpsqaNxRyHBLVyZi7RJe4D4diq6
#322,499,Background_Soft_green 1.39%,Body_Golden 4.55%,Costume_Punk_Suit 1.49%,Face_Natural 81.58%,Eyes_Natural 79.21%,Hats_Classic 1.49%,,Assets_Pipe_blue 1.78%,32.80940594,https://ipfs.io/ipfs/QmcNfenQXgvYAPZarb1oZxp2rgRm7jkPcZvmJChHsApBbu
#464,500,Background_Blue_circus 2.48%,Body_Blue 3.66%,Costume_Soviet_general 0.50%,Face_Natural 81.58%,Eyes_Natural 79.21%,Hats_Mohawk_red 2.57%,Goggles_Retro_Future 1.49%,,32.80940594,https://ipfs.io/ipfs/QmR6XPDA9Brucyw9cUskDKfs8guaU5JjkMM1dSZh65GXEg
#590,501,background_Coins_Purple 0.69%,Body_Golden 4.55%,Costume_Karate_Kimono_red 1.09%,Face_Natural 81.58%,Eyes_Natural 79.21%,,Goggles_flat 1.49%,Assets_Ser_Beer 3.47%,32.88366337,https://ipfs.io/ipfs/QmZ9BrCGicG52RfTiN8RHpakJChwJs2ADK7MWSBZ5cgrqP
#747,502,Background_Purple_Circus 3.17%,Body_Blue 3.66%,Costume_Trainer_hoodie 2.28%,Face_Natural 81.58%,Eyes_Natural 79.21%,,Goggles_snoop 1.68%,Assets_Cigarette_extesion 0.69%,32.90841584,https://ipfs.io/ipfs/QmXYTBoyYDpJaSMcQEwrWWpeni97eiBpakL1jkostuPWvn
#377,503,Background_Purple_Circus 3.17%,Body_Golden 4.55%,Costume_Trainer_hoodie 2.28%,Face_Natural 81.58%,Eyes_Natural 79.21%,,Goggles_80s 1.09%,Assets__lighter 0.89%,32.97029703,https://ipfs.io/ipfs/Qmd9qgi3vzakYr7zB5muA3giNiNmDNbxoqhgGeQtV2E1Ny
#932,504,Background_Westcoast_evening 0.79%,Body_Natural 77.03%,Costume_Stader_Hoodie 0.10%,Face_Natural 81.58%,Eyes_Stoned 11.49%,Hats_Stader_Protocol_cap2 0.40%,Goggles_Writer 1.58%,,32.9950495,https://ipfs.io/ipfs/QmQKxWonxPTfpDwBF1pazQPiJ3ZUgWp6Tx5AmTY1zunYCW
#794,505,Background_Purple_Circus 3.17%,Body_Blue 3.66%,Costume_Basketball_Jersey_Gold 0.69%,Face_Natural 81.58%,Eyes_Natural 79.21%,,Goggles_blue 1.29%,Assets_Ser_Beer 3.47%,33.00742574,https://ipfs.io/ipfs/QmYQSKM7fBq2suqUd8foLgDCGBTor5Hu5LvZSRxrc9eBsC
#557,506,Background_Beach 2.87%,Body_Purple 3.17%,Costume_Terminator_Jacket 1.78%,Face_Natural 81.58%,Eyes_Natural 79.21%,,Goggles_Writer 1.58%,Assets_Pipe_red 2.97%,33.01980198,https://ipfs.io/ipfs/QmTXg4bgA2kVbiVxH3TU1FdBj8ieAfCM5bKFphxj3J44KQ
#987,507,Background_Teal 1.78%,Body_Natural 77.03%,Costume_Samurai_Red 0.30%,Face_Pink 14.16%,Eyes_Natural 79.21%,,Goggles_3d 0.50%,Assets_Supermonkee 0.50%,33.05693069,https://ipfs.io/ipfs/QmZMXawNXrJthVtKTz4ygHo9MxLmvEKfk2t7y9erDs8gd6
#233,508,Background_warm 0.69%,Body_Natural 77.03%,,Face_Pink 14.16%,Eyes_Natural 79.21%,Hats_GraviDAO_Cap_Teal 0.30%,Goggles_RocketMan 0.79%,Assets_Rainbow_teeth 1.39%,33.06930693,https://ipfs.io/ipfs/QmaR6P1k3wREi6rQVkvVK4HyDdq1Pjs5gTFdwAsdavHLP4
#271,509,Background_orange 1.39%,Body_Natural 77.03%,Costume_Tony_Montana 0.59%,Face_Natural 81.58%,Eyes_Stoned 11.49%,Hats_Karate_bandana 0.89%,,Assets_Skate_wagmi 0.69%,33.08168317,https://ipfs.io/ipfs/QmRhjTdAZQknom7bgzPbgo7fxNou8BqdUgXqHR9ApbfdH4
#15,510,Background_Velvet 1.98%,Body_Golden 4.55%,Costume_Obey_Hoodie 2.57%,Face_Natural 81.58%,Eyes_Natural 79.21%,,Goggles_designer 0.50%,Assets_Ser_Beer 3.47%,33.10643564,https://ipfs.io/ipfs/QmNbdUrw9WPq3EQxryS9Nt5XjMKqHhtdCVQgNveawEELk1
#839,511,Background_tv 0.69%,Body_Natural 77.03%,,Face_Natural 81.58%,Eyes_Stoned 11.49%,Hats_General_cap 0.69%,Goggles_future_metal 1.09%,Assets_Cigar_Short 1.29%,33.10643564,https://ipfs.io/ipfs/QmYjiN3RvheFmwcQAnuzL89b9pfUN53jPiGZmLks6zjtVh
#53,512,Background_Evening_Tv 2.67%,Body_Natural 77.03%,Costume_General 0.20%,Face_Natural 81.58%,Eyes_Stoned 11.49%,Hats_General_cap 0.69%,,Assets_joint 0.40%,33.13118812,https://ipfs.io/ipfs/QmTtxVQjUSaqqfEMREGdmwdvvMHp6aw95CUf7fn5gkT2T7
#277,513,background_Virtual 1.98%,Body_Natural 77.03%,,Face_Pink 14.16%,Eyes_Natural 79.21%,Hats_GraviDAO_Cap_Teal 0.30%,Goggles_fancy_yellow 0.69%,Assets_Skate_wagmi 0.69%,33.13118812,https://ipfs.io/ipfs/Qma4YTNJgJ7t1kAXUSyxacgPP9c1UdbkKQxtu7JF1i934f
#1010,514,Background_Ingame_Hills 0.50%,Body_Natural 77.03%,Costume_President_suit 1.88%,Face_Natural 81.58%,Eyes_Stoned 11.49%,Hats_Robot_Gold 0.69%,Goggles_snowboard 0.89%,,33.13118812,https://ipfs.io/ipfs/QmP98eMrFouVoAMHeay2Za1tEh363DoByU5wFXGPFoH8sz
#130,515,Background_castle_night 0.59%,Body_Natural 77.03%,Costume_Blue_Brothers_suit 1.98%,Face_Pink 14.16%,Eyes_Natural 79.21%,Hats_Basketball_Headband_blue 0.69%,Goggles_Club_Tropicana 0.59%,,33.15594059,https://ipfs.io/ipfs/QmZfphL6Eq8yZFeMA4ahDffQbgZMnwmqFuzvkfbrxQFJuf
#385,516,Background_cigarettes_teal 0.69%,Body_Natural 77.03%,Costume_Hunter_S_Thompson_Red 1.49%,Face_Natural 81.58%,Eyes_Stoned 11.49%,Hats_Hunter_S_Thompson_cap 1.68%,,Assets_fly_slapper 0.40%,33.16831683,https://ipfs.io/ipfs/QmdfCZmQe3pyNRcHN8DmqHCudZFEJK1xwKw3bTxRxYAVH4
#423,517,Background_City_night 2.57%,Body_Natural 77.03%,Costume_Luchador_Rojo 0.79%,Face_Pink 14.16%,Eyes_Natural 79.21%,Hats_Gucci_Cap 0.20%,,Assets_Supermonkee 0.50%,33.18069307,https://ipfs.io/ipfs/QmTqxCH3zst2gdfb7c41aCvwPbJKAxQzMNtL6QHnFR7Qmu
#9,518,background_Gradient 1.29%,Body_Natural 77.03%,Costume_Smartass_tee 1.58%,Face_Natural 81.58%,Eyes_Stoned 11.49%,Hats_Firefighter 1.09%,Goggles_VR_X 0.50%,,33.19306931,https://ipfs.io/ipfs/QmYR5vgyK8zNVTfTnBH9rMae7t2h5dESVTefmWgMv21rip
#191,519,Background_castle 1.09%,Body_Golden 4.55%,Costume_Netscape_tee 1.88%,Face_Natural 81.58%,Eyes_Natural 79.21%,,Goggles_DrugLord 1.39%,Assets_Mic 4.95%,33.20544554,https://ipfs.io/ipfs/QmeAeBqUBjLCkM3kHJRbbv46iDke7JBFqYuydjuAjyoQMU
#204,520,Background_Desert_Moon 1.39%,Body_Natural 77.03%,Costume_Superior_hoodie 1.98%,Face_Pink 14.16%,Eyes_Natural 79.21%,,Goggles_fancy_pointy 0.59%,Assets_Skateboard_banana 0.40%,33.21782178,https://ipfs.io/ipfs/QmbwQiMBjU4uqtNucLgtFvsKJGzjsq4ijmNX3rLF3fA2pa
#280,521,Background_Nevada 2.67%,Body_Natural 77.03%,,Face_Pink 14.16%,Eyes_Stoned 11.49%,,,Assets_Laptop 2.97%,33.21782178,https://ipfs.io/ipfs/Qmf9YTpos8ScQaUwioAZVcvsMr5rz3CSqv5fURv7p8PPTz
#33,522,Background_Blue_circus 2.48%,Body_Natural 77.03%,Costume_Anchor_hoodie_Black 0.40%,Face_Pink 14.16%,Eyes_Natural 79.21%,,Goggles_Laser_Purple 0.59%,Assets_Blues_Bro 0.99%,33.23019802,https://ipfs.io/ipfs/QmeChey9fr3xDSbanvnEHmycZ7h5bgPmEdLbhApdbaovbj
#588,523,Background_Blue 1.68%,Body_Natural 77.03%,Costume_Lunatic_Hoodie 1.09%,Face_Pink 14.16%,Eyes_Natural 79.21%,Hats_black_fedora 0.79%,Goggles_future_snowboard 0.89%,,33.23019802,https://ipfs.io/ipfs/QmTqqYAFetbh7BL5YzQb5sA7Zbm7H4zWjhqjJ1oBvJ8Qfi
#764,524,background_Virtual_space 2.48%,Body_Natural 77.03%,Costume_Black_T-shirt 0.20%,Face_Natural 81.58%,Eyes_Stoned 11.49%,Hats_Gold_Henseiser 0.40%,,Assets_Bling_luna 1.68%,33.23019802,https://ipfs.io/ipfs/QmZABG25FNHvfuJjm4zuCb3YpDDVwabR2kAuKt4jwWnk9y
#889,525,Background_Westcoast_evening 0.79%,Body_Natural 77.03%,Costume_Terminator_Jacket 1.78%,Face_Natural 81.58%,Eyes_Stoned 11.49%,,Goggles_Android_assassin 1.98%,Assets_Shotgun_Short 0.20%,33.23019802,https://ipfs.io/ipfs/QmQtpWjS7NhJLuXK8qQZ1JfE2RPTcQ1GJanHV2Qq8t68gt
#887,526,Background_Northern_mountains 2.08%,Body_Natural 77.03%,Costume_Wu_Hoodie 0.99%,Face_Pink 14.16%,Eyes_Natural 79.21%,,Goggles_VR_Luna 0.59%,Assets_Shotgun 0.89%,33.24257426,https://ipfs.io/ipfs/QmQVKTWvyhEVRTgVeY8xMX75KsVUfuogJCL5i6sn6ZoQjV
#163,527,Background_Altered_States 0.79%,Body_Natural 77.03%,Costume_Ofend_Hoodie 1.98%,Face_Natural 81.58%,Eyes_Stoned 11.49%,Hats_Winter_white 1.49%,Goggles_Robot_gold_red 0.59%,,33.24257426,https://ipfs.io/ipfs/QmZsvVtgAWSjeRQmDF4uyTdPzg3Ps9ypCyNm4nCbBoQ8vQ
#339,528,Background_Brightblue 1.88%,Body_Natural 77.03%,Costume_Cholo_Blue 0.30%,Face_Natural 81.58%,Eyes_Stoned 11.49%,Hats_Winter_white 1.49%,Goggles_Gold_24K 1.19%,,33.24257426,https://ipfs.io/ipfs/QmTg5kL6XRC11uWPm2aqmdhWddhJGP5jsnKU9LVXYveMvN
#636,529,Background_Virtual-desert 1.09%,Body_Natural 77.03%,Costume_Basketball_Jersey_Balls 0.89%,Face_Pink 14.16%,Eyes_Natural 79.21%,Hats_Loop_Protocol_cap 0.99%,Goggles_Writer 1.58%,,33.24257426,https://ipfs.io/ipfs/QmcadJVE4M4rqzisnnLfGt6dK4SU79udAQVRXNKgxhYbzt
#725,530,background_Spectrum 2.67%,Body_Natural 77.03%,Costume_RobotMan 0.20%,Face_Natural 81.58%,Eyes_Stoned 11.49%,Hats_Admiral_Cap 0.79%,Goggles_Studio54 1.19%,,33.24257426,https://ipfs.io/ipfs/QmPM9AsKfbwAZJEqJsYMrhbrb2RBfPhyd1iJvfBX49CxuV
#431,531,background_Virtual_space 2.48%,Body_Natural 77.03%,,Face_Pink 14.16%,Eyes_Natural 79.21%,,Goggles_fancy_pointy 0.59%,Assets__lighter 0.89%,33.2549505,https://ipfs.io/ipfs/QmPNtzDf3MA9tPtXK1eaQa66HrrjMVhR7RZ6H8iRAEPjtR
#894,532,Background_Japanese_Mist 2.18%,Body_Natural 77.03%,,Face_Pink 14.16%,Eyes_Natural 79.21%,Hats_Bucket_fashion 1.49%,Goggles_VR_PSP 0.59%,Assets_pool_ball 0.50%,33.26732673,https://ipfs.io/ipfs/QmPT68CmsN8NPcLVvvexuzj1U6CNoDv4xnHy18DdVZASAz
#131,533,Background_Soft_green 1.39%,Body_Natural 77.03%,Costume_Soviet_general 0.50%,Face_Natural 81.58%,Eyes_Stoned 11.49%,,Goggles_math 1.98%,Assets_Cigarette 1.29%,33.27970297,https://ipfs.io/ipfs/QmS4texTyWdoeWRRhv1n4cS2QXrrAXC7WpKpYdxc1bZQGH
#847,534,Background_Blue_circus 2.48%,Body_Natural 77.03%,Costume_Box_Champion_Belt 1.49%,Face_Pink 14.16%,Eyes_Natural 79.21%,Hats_Diamond_Gold_Cap 0.20%,Goggles_laser 0.69%,,33.27970297,https://ipfs.io/ipfs/Qmd4gMMJoQQc4CFNGvoEyjqsByVB1s1toAUNge6Aav85uC
#942,535,Background_Blue 1.68%,Body_Natural 77.03%,Costume_President_suit 1.88%,Face_Pink 14.16%,Eyes_Natural 79.21%,Hats_hair 0.20%,Goggles_Studio54 1.19%,,33.29207921,https://ipfs.io/ipfs/QmXQdCziSDBEkPMzai9BVFeFT5LaFpb3QAkBUvaX3dhoaq
#378,536,Background_Bright_Sky 1.58%,Body_Natural 77.03%,,Face_Pink 14.16%,Eyes_Natural 79.21%,Hats_yacht_cap 1.49%,Goggles_agent 1.29%,Assets_Kong_Grin 0.79%,33.31683168,https://ipfs.io/ipfs/QmZZMQmbubZuPzhvFScY9DrPZuDN3fRBBqMJh8D9Dd3mxJ
#806,537,Background_Planet 1.98%,Body_Natural 77.03%,Costume_BDSM 0.79%,Face_Pink 14.16%,Eyes_Natural 79.21%,Hats_Firefighter 1.09%,,Assets_Cigarette 1.29%,33.31683168,https://ipfs.io/ipfs/QmedgxxRN6dPQqTz2aqGLSpzgvDJo7ioSUTdEncPrtobWk
#950,538,Background_orange 1.39%,Body_Natural 77.03%,Costume_Blue_Brothers_suit 1.98%,Face_Pink 14.16%,Eyes_Natural 79.21%,Hats_fresh_look_headphones 0.50%,Goggles_blue 1.29%,,33.31683168,https://ipfs.io/ipfs/QmTUZPkLNpKgKyzFSVhjjBRHEVuqQA6oTaS3LurP3dZayC
#218,539,Background_Desert_Moon 1.39%,Body_Natural 77.03%,Costume_Trainer_green 1.58%,Face_Pink 14.16%,Eyes_Natural 79.21%,Hats_Bucket_fashion 1.49%,,Assets_Skate_Wagmi_red 0.79%,33.32920792,https://ipfs.io/ipfs/QmX94ZeMSnBwXYFwaCrDQoF7VvpPBAR5haDLKRoLfZ73ar
#722,540,Background_orange 1.39%,Body_Natural 77.03%,,Face_Natural 81.58%,Eyes_Stoned 11.49%,Hats_Red_headset 0.89%,Goggles_Oldtimer_small 2.08%,Assets_MIB 1.19%,33.32920792,https://ipfs.io/ipfs/QmRWjpwTuFZzb1ZJmhFEN2ufP2KgHvvVhCPB2Z2Mo9ss5V
#536,541,background_Coins 0.89%,Body_Natural 77.03%,Costume_LFG_Hoodie 2.18%,Face_Natural 81.58%,Eyes_Stoned 11.49%,,Goggles_snoop 1.68%,Assets__lighter 0.89%,33.34158416,https://ipfs.io/ipfs/QmWdiwF5BX8tbgB5Sbp5Xqtc6KJbearL8smpN3dHvvXt3Z
#868,542,Background_Planet 1.98%,Body_Natural 77.03%,Costume_Trainer_red 1.58%,Face_Natural 81.58%,Eyes_Stoned 11.49%,Hats_Fire_Hair 0.99%,,Assets_Cigar_simple 1.19%,33.3539604,https://ipfs.io/ipfs/QmQB7bExgnn6ke6QHdVZqf3XDVgRdxmySexE2u9JJ4JK18
#769,543,Background_Virtual-desert 1.09%,Body_Natural 77.03%,Costume_Karate_Kimono_Blue 0.99%,Face_Pink 14.16%,Eyes_Natural 79.21%,Hats_Nintendo 1.29%,,Assets_Samurai-Sword 2.08%,33.3539604,https://ipfs.io/ipfs/QmXNKxBUuu3K81UuCtcXDX1o7rQ2xsrZQEJKWXRHNYRK54
#865,544,Background_Warm_winter 2.67%,Body_Natural 77.03%,Costume_Wu_Hoodie 0.99%,Face_Natural 81.58%,Eyes_Stoned 11.49%,,Goggles_snowboard 0.89%,Assets_money_warm 1.29%,33.36633663,https://ipfs.io/ipfs/QmXamRZZQ75JoYwgirzFXuqaQP13k79FhnHu1WwND3TSXX
#35,545,Background_City 2.08%,Body_Natural 77.03%,Costume_1984_Hoodie 1.78%,Face_Pink 14.16%,Eyes_Natural 79.21%,Hats_Horns 1.19%,,Assets_Kong_Grin 0.79%,33.40346535,https://ipfs.io/ipfs/QmVdRqBKCMBev19BY7fL8eZ9Y522MxWg1Jk9ZV44rdMjdy
#680,546,Background_castle 1.09%,Body_Natural 77.03%,,Face_Pink 14.16%,Eyes_Natural 79.21%,Hats_Horns 1.19%,Goggles_Robot_gold_red 0.59%,Assets_Laptop 2.97%,33.40346535,https://ipfs.io/ipfs/QmNWVjb3XLWi2htZPY81AsfxFQYxq45Lrs6vAwCZDst26o
#334,547,Background_Blue_Planet 1.88%,Body_Natural 77.03%,Costume_Banana_Hoodie 2.18%,Face_Pink 14.16%,Eyes_Natural 79.21%,Hats_Yellow_fedora 0.79%,,Assets_Cigar_simple 1.19%,33.42821782,https://ipfs.io/ipfs/QmV9xCtWec1qZgtfYD1q4dnKsctSw6pFL5NxUHxyyxTVKr
#473,548,Background_City_Knight 1.09%,Body_Natural 77.03%,,Face_Natural 81.58%,Eyes_Stoned 11.49%,Hats_party 1.49%,Goggles_RocketMan 0.79%,Assets_Pipe_red 2.97%,33.42821782,https://ipfs.io/ipfs/Qmbf9Snzu7b7FjqtHCB1jEeduix7MddokjtNwJjW9pZ65X
#169,549,Background_Planet 1.98%,Body_Natural 77.03%,Costume_1984_Hoodie 1.78%,Face_Natural 81.58%,Eyes_Stoned 11.49%,,Goggles_simple 2.08%,Assets_Hose_red 0.50%,33.42821782,https://ipfs.io/ipfs/QmUjTYgoBQJwuVvfpcUzKVmXRokz2QPd1vXtf9YXSi9AKp
#145,550,Background_Miami_simple 1.88%,Body_Natural 77.03%,Costume_LFG_Hoodie 2.18%,Face_Pink 14.16%,Eyes_Natural 79.21%,Hats_Luna_cap 0.59%,Goggles_Cuban_Dream 1.58%,,33.4529703,https://ipfs.io/ipfs/QmTTuz8oeZteN1j4ASrZfp8iWhc46TiW7Hob9oDufWPkUu
#523,551,Background_Evening_Tv 2.67%,Body_Natural 77.03%,Costume_Terra_hoodie 0.99%,Face_Pink 14.16%,Eyes_Natural 79.21%,Hats_Winter_headphones_Pink 0.89%,,Assets_Donut 1.78%,33.46534653,https://ipfs.io/ipfs/QmXPse1EB29DTiMEerKKFzK2HxQpscu4bVsuq9jbybL8U9
#790,552,Background_warm_Blue 1.88%,Body_Natural 77.03%,Costume_Punk_Suit 1.49%,Face_Pink 14.16%,Eyes_Natural 79.21%,Hats_Firefighter 1.09%,Goggles_Oldtimer_gold_Blue 1.98%,,33.47772277,https://ipfs.io/ipfs/QmSR6zVJ4p8iE9acSct4ZbLRtHbMK8wunE7JFjkFEFK8Hn
#146,553,Background_Mars 2.28%,Body_Natural 77.03%,Costume_Wtv_Hoodie 1.78%,Face_Natural 81.58%,Eyes_Stoned 11.49%,Hats_Nintendo 1.29%,,Assets_Bong_green 1.49%,33.49009901,https://ipfs.io/ipfs/QmVtWDjs9EXSpb6GxYNntpqbs7knUSfiPsf4bw9vDGoZwt
#804,554,Background_Mars 2.28%,Body_Natural 77.03%,Costume_Karate_Kimono_Blue 0.99%,Face_Natural 81.58%,Eyes_Stoned 11.49%,Hats_White_fedora 1.58%,Goggles_math 1.98%,,33.49009901,https://ipfs.io/ipfs/QmWVfDQpdzANJy4YGFAerU6HPgyKCvdniePWmPjozH5Cvo
#485,555,Background_Clouds 1.68%,Body_Natural 77.03%,,Face_Pink 14.16%,Eyes_Natural 79.21%,Hats_Mohawk_red 2.57%,Goggles_Tony_Montana 0.50%,Assets_dynamite 1.98%,33.51485149,https://ipfs.io/ipfs/Qmez84dYSES1m4G3ggJbgMn96V3MybraSTBa59V44EPrnZ
#416,556,Background_Blue_circus_2 2.28%,Body_Natural 77.03%,,Face_Pink 14.16%,Eyes_Natural 79.21%,Hats_187_cap 0.69%,Goggles_Android_assassin 1.98%,Assets_Bong_simple 2.48%,33.60148515,https://ipfs.io/ipfs/QmYCevCbtnwjFWQntphvaAP2e6oqDXM1QQV85vgkpMeaLy
#344,557,Background_Beach 2.87%,Body_Natural 77.03%,Costume_Box_Champion_Belt 1.49%,Face_Natural 81.58%,Eyes_Stoned 11.49%,Hats_Coder 0.59%,,Assets_Pipe_red 2.97%,33.62623762,https://ipfs.io/ipfs/QmPt3TFE9GH4KLXvLAa78aJLRK6L2efP1xkXN7nyy2oEFA
#842,558,Background_Nevada 2.67%,Body_Natural 77.03%,Costume_Wtv_Hoodie 1.78%,Face_Pink 14.16%,Eyes_Natural 79.21%,Hats_Robot_Gold 0.69%,,Assets_Bong_simple 2.48%,33.62623762,https://ipfs.io/ipfs/QmXrk3pcPcFmcynx5Arg2FttDyLRaXhJ21UxG177NRnZJF
#276,559,Background_City_night 2.57%,Body_Natural 77.03%,Costume_Blue_Brothers_suit 1.98%,Face_Pink 14.16%,Eyes_Natural 79.21%,Hats_beanie 1.19%,,Assets_High_Beer 1.98%,33.63861386,https://ipfs.io/ipfs/QmQSjjurH7FVmghJpjueXGzh6jsmQKBPREX8sBKrLgXWtH
#879,560,Background_Velvet 1.98%,Body_Natural 77.03%,Costume_Luchador_Blue 1.09%,Face_Pink 14.16%,Eyes_Natural 79.21%,Hats_Bucket_fashion 1.49%,,Assets_Ser_Beer 3.47%,33.67574257,https://ipfs.io/ipfs/QmWHLGq2kuTLnwgroP6nE7NDx5HxQaUyaAMnBVZxWrDvwP
#697,561,Background_Purple_gradient 1.88%,Body_Natural 77.03%,Costume_Hodl_hoodie_Teal 1.58%,Face_Natural 81.58%,Eyes_Stoned 11.49%,Hats_Burger 3.37%,,Assets_Cigar_thick 1.68%,33.70049505,https://ipfs.io/ipfs/QmPHFkFyNCrf7o8YTUvdNyUZycUeCAj7XrJZJ92Sk8hpuC
#314,562,Background_Evening_Tv 2.67%,Body_Natural 77.03%,Costume_Trainer_green 1.58%,Face_Pink 14.16%,Eyes_Natural 79.21%,Hats_Burger 3.37%,Goggles_VR_3d 0.79%,,33.72524752,https://ipfs.io/ipfs/QmPD7eMRUAGPZ3tNLUBSVgkThunyQvrEGWQZx3yf5A59Be
#154,563,Background_Nevada 2.67%,Body_Natural 77.03%,,Face_Natural 81.58%,Eyes_Stoned 11.49%,Hats_White_fedora 1.58%,Goggles_Cuban_Dream 1.58%,Assets_Laptop 2.97%,33.73762376,https://ipfs.io/ipfs/QmYYCfdQ4B64DCQWBH9WJgYtc7BiTBaSxLboggXw9bDeEn
#940,564,background_Virtual_space 2.48%,Body_Natural 77.03%,,Face_Pink 14.16%,Eyes_Natural 79.21%,Hats_Horns 1.19%,Goggles_MiamiVice 1.98%,Assets_Pipe_red 2.97%,33.75,https://ipfs.io/ipfs/QmXYd2mLqu9Y4rf6eoQRoU6nyo9c7zK7YBDk7UAurhJGyD
#609,565,background_Virtual 1.98%,Body_Natural 77.03%,,Face_Natural 81.58%,Eyes_Stoned 11.49%,Hats_Boy_cap 2.57%,Goggles_Oldtimer 1.68%,Assets_Laptop 2.97%,33.78712871,https://ipfs.io/ipfs/QmRvqPMVLk8HzUx4EoNC6VwwFALHxsBfVokxLcmL6sguhL
#303,566,background_Virtual_space 2.48%,Body_Natural 77.03%,Costume_Trainer_red 1.58%,Face_Pink 14.16%,Eyes_Natural 79.21%,,Goggles_Android 0.50%,Assets_Mic 4.95%,33.86138614,https://ipfs.io/ipfs/QmSVWqc8ufkiTeLCsZQAPHErpFwTK8wANH2hfejPBghK8c
#65,567,Background_Northern_mountains 2.08%,Body_Natural 77.03%,Costume_1984_Hoodie 1.78%,Face_Green 0.89%,Eyes_Natural 79.21%,Hats_red_Henseiser 0.59%,,,36.08203678,https://ipfs.io/ipfs/QmXV1nBLELsVATAWAm6RDa1u4DfmoUqN4WdGsMqM17RqGe
#158,568,background_Pink_red 1.68%,Body_Natural 77.03%,Costume_Waiter_suit 0.69%,Face_Purple 1.58%,Eyes_Natural 79.21%,,Goggles_dealer 1.68%,,36.12446959,https://ipfs.io/ipfs/QmVPMQNBya7dGErADX5DxbLsFEbgZ2KzSqnzaY9tgCxLHC
#791,569,Background_castle_night 0.59%,Body_Natural 77.03%,Costume_Superior_hoodie 1.98%,Face_Blue 1.78%,Eyes_Natural 79.21%,,,Assets_rodent_teeth 1.29%,36.12446959,https://ipfs.io/ipfs/QmajViUobGYLFiFDsoqbtSghHQTyTbmPL3UqKugT25o5FC
#134,570,background_Spectrum_reversed 1.49%,Body_Natural 77.03%,,Face_Blue 1.78%,Eyes_Natural 79.21%,,Goggles_sunglasses 1.29%,Assets_Cigar_thick 1.68%,36.20933522,https://ipfs.io/ipfs/QmXxsMQ49VMJYKB7L5iwxSutjmfU3jNyFt96kQ8WxAu3zu
#301,571,background_Coins_bluel 0.59%,Body_Tiger_red 0.89%,Costume_Gimp 0.30%,Face_Natural 81.58%,Eyes_Natural 79.21%,Hats_Samurai_blue 0.59%,,,36.30834512,https://ipfs.io/ipfs/QmcjpXyzyUAuWuWYhVx18VtcrNPgmWGWHdqk9SwfU5toyp
#645,572,background_Gradient_reversed 1.19%,Body_Natural 77.03%,Costume_Astro_Blue 0.50%,Face_Natural 81.58%,Eyes_Electric 2.48%,Hats_fresh_look_headphones 0.50%,,,36.32248939,https://ipfs.io/ipfs/QmYSawTHXLvt42U2xEgwMf8ZgKVDwKR8nug6vbKcVLygc6
#597,573,Background_Beach 2.87%,Body_Natural 77.03%,Costume_Napoleon 1.19%,Face_Purple 1.58%,Eyes_Natural 79.21%,Hats_Bucket_red 1.49%,,,36.33663366,https://ipfs.io/ipfs/QmaERd8Tny4dsC5Pwy58axXUQVRC5vqmBR7aPWCBf8bnK6
#12,574,Background_Purple_Circus 3.17%,Body_Natural 77.03%,Costume_Ofend_Hoodie 1.98%,Face_Purple 1.58%,Eyes_Natural 79.21%,,Goggles_VR_PSP 0.59%,,36.36492221,https://ipfs.io/ipfs/QmeKSGJjf3p7gEzZnoaks3aKJYhgFsuzK8nYbhER4FD4sH
#326,575,Background_Warm_winter 2.67%,Body_Natural 77.03%,,Face_Purple 1.58%,Eyes_Natural 79.21%,,Goggles_future_metal 1.09%,Assets_Samurai-Sword 2.08%,36.37906648,https://ipfs.io/ipfs/QmSeGQN8vnNnBg3LcFpbQV2WznNXFHQqGW2LdXARmq3dRq
#695,576,Background_Purple_disc02 0.30%,Body_Red 1.09%,Costume_Terra_hoodie 0.99%,Face_Natural 81.58%,Eyes_Natural 79.21%,,Goggles_MiamiVice 1.98%,,36.59123055,https://ipfs.io/ipfs/QmZuBhTm3jdskH6iQwo9gSNuFdC2YyzqdBaHGB1biQJEa6
#876,577,background_banknotes_warm 0.30%,Body_Teal 1.09%,Costume_Black_suit 0.79%,Face_Natural 81.58%,Eyes_Natural 79.21%,,,Assets_crazy_monkey 2.28%,36.60537482,https://ipfs.io/ipfs/QmQEyjSs5CY6ncSHbp4iKJfLhb8a9uujPG8R5RFc2Zge2E
#951,578,Background_Egypt 1.29%,Body_Tige_Pink 1.78%,Costume_Mr_Pink 0.40%,Face_Natural 81.58%,Eyes_Natural 79.21%,,,Assets_Gold_Mic 1.19%,36.63366337,https://ipfs.io/ipfs/Qma8r4axQyGqZicVLrXb58sRnEGuH2QXxra2B8dZ31DvQc
#487,579,Background_Planet 1.98%,Body_Tiger_Alien 0.79%,Costume_God 0.79%,Face_Natural 81.58%,Eyes_Natural 79.21%,Hats_Firefighter 1.09%,,,36.63366337,https://ipfs.io/ipfs/QmNrRkTBBJR5w1GESzXytTnzuAb8eWTn3EXd3STowPBksQ
#205,580,Background_Altered_States 0.79%,Body_Natural 77.03%,Costume_Smartass_tee 1.58%,Face_Natural 81.58%,Eyes_Green 2.38%,,,Assets_Basketball 2.38%,36.67609618,https://ipfs.io/ipfs/QmZgTGrxfWFufTsVaV1YA8sAFvwAkZX59gSwmYfruhA5WX
#805,581,Background_Brightblue 1.88%,Body_Tiger_blue_purpleStripes 1.19%,Costume_Karate_Kimono_Blue 0.99%,Face_Natural 81.58%,Eyes_Natural 79.21%,Hats_Loop_Protocol_cap 0.99%,,,36.69024045,https://ipfs.io/ipfs/QmWVdP5UpfZ6u8tyBDKPkjXYmaJYnQyY4gGAULzWnyqA5p
#222,582,Background_Blue_circus_2 2.28%,Body_Natural 77.03%,,Face_Natural 81.58%,Eyes_Electric 2.48%,,Goggles_Police 0.40%,Assets_crazy_monkey 2.28%,36.718529,https://ipfs.io/ipfs/QmZ93FjrsgPnfNTmzxmNHv3jeuAwPGPGnTBvb6AEdjE5Ry
#342,583,Background_Desert 1.88%,Body_Red 1.09%,Costume_President_suit_2 0.69%,Face_Natural 81.58%,Eyes_Natural 79.21%,,Goggles_snoop 1.68%,,36.73267327,https://ipfs.io/ipfs/QmNrLbBRgqPgGqWzPnLrHfMwHfAbPf4PSiS62zVhegY3Yx
#545,584,Background_City_night 2.57%,Body_Tiger_red 0.89%,Costume_Luchador_Rojo 0.79%,Face_Natural 81.58%,Eyes_Natural 79.21%,Hats_Horns 1.19%,,,36.74681754,https://ipfs.io/ipfs/QmXdFvn65f9ZmmGp7hMSxwK8r7hMcLaozp1NRDBMmJiqZt
#822,585,Background_Beach 2.87%,Body_Tiger_blue 1.19%,Costume_Black_suit 0.79%,Face_Natural 81.58%,Eyes_Natural 79.21%,,,Assets_Bling_Gangster 0.69%,36.76096181,https://ipfs.io/ipfs/QmW9A5obmtZxMxtrFyCgeguPbeaBYBfBzBYT91wDQkYck2
#412,586,Background_Nevada 2.67%,Body_Natural 77.03%,,Face_Natural 81.58%,Eyes_Laser 2.38%,Hats_Nintendo 1.29%,Goggles_Retro_Future 1.49%,,36.77510608,https://ipfs.io/ipfs/QmcoLsmH663kP9hsWMv62t1oiTSbATmsBi9uDocTnaGao7
#897,587,Background_City_night 2.57%,Body_Natural 77.03%,Costume_Superior_hoodie 1.98%,Face_Natural 81.58%,Eyes_Laser 2.38%,,,Assets_Blues_Bro 0.99%,36.78925035,https://ipfs.io/ipfs/QmTmcbHSthN1XU3Ywj8vTNPvu7CQGqWuttvPAuKKT3fxd2
#92,588,Background_Blue_circus_2 2.28%,Body_Natural 77.03%,Costume_Obey_Hoodie 2.57%,Face_Natural 81.58%,Eyes_Purple 0.69%,,,Assets_Bong_simple 2.48%,36.80339463,https://ipfs.io/ipfs/QmSSdpgd8GNoePuyk1bYVhSdQxanrnZ7PVF2Y5kH3VCGAC
#426,589,Background_orange 1.39%,Body_Tiger_red 0.89%,Costume_Napoleon 1.19%,Face_Natural 81.58%,Eyes_Natural 79.21%,,,Assets_icecream 2.48%,36.8175389,https://ipfs.io/ipfs/QmcvRFynRFe231TCUTLwtMM35Lf1JvJE61gtdMmf1HGtP2
#534,590,background_Gradient_reversed 1.19%,Body_Teal 1.09%,,Face_Natural 81.58%,Eyes_Natural 79.21%,,,Assets_Cigar_simple 1.19%,36.8175389,https://ipfs.io/ipfs/Qmf3ii4HTP3yuEPWxQfRuDtio8m6ZpJDh284o76HKBg2MC
#750,591,Background_warm_Blue 1.88%,Body_Teal 1.09%,Costume_Box_Champion_Belt 1.49%,Face_Natural 81.58%,Eyes_Natural 79.21%,,,Assets_Bling_money 1.49%,36.8175389,https://ipfs.io/ipfs/QmSttfSd8rRAH26vywefnngsYTUsAbkTUNEJkUGxVoMY9L
#767,592,Background_Teal 1.78%,Body_Tiger_blue_purpleStripes 1.19%,Costume_Whale_Hoodie 1.49%,Face_Natural 81.58%,Eyes_Natural 79.21%,Hats_Bucket_red 1.49%,,,36.8175389,https://ipfs.io/ipfs/QmcVmDrde8VKHddk2bg55uCvzsDX7ukVF6kMnVTiWc4Hm2
#135,593,Background_City_night 2.57%,Body_Natural 77.03%,Costume_Wtv_Hoodie 1.78%,Face_Natural 81.58%,Eyes_Green 2.38%,,Goggles_Writer 1.58%,,36.84582744,https://ipfs.io/ipfs/QmVvecL1EcwGtVzFeV9oBqXxuKfDgkEB7WbaAKJpkXfyZ3
#409,594,Background_Soft_red 1.09%,Body_Tiger_blue 1.19%,Costume_LFG_Hoodie 2.18%,Face_Natural 81.58%,Eyes_Natural 79.21%,,Goggles_Oldtimer 1.68%,,36.84582744,https://ipfs.io/ipfs/QmYSryDyeLgFGKbxbxSSC6EyB1uHqtkHLjeZUF3XsDYaBk
#770,595,background_Virtual 1.98%,Body_Red 1.09%,,Face_Natural 81.58%,Eyes_Natural 79.21%,Hats_Deeds_headphones 0.89%,,Assets_Basketball 2.38%,36.87411598,https://ipfs.io/ipfs/QmUi5UakqGeXCx4gZTbpDHiPiuLLe9L4ciN4ZBpBWmnj2R
#952,596,Background_Bright_Sky 1.58%,Body_Purple 3.17%,Costume_Don_Suit 0.69%,Face_Natural 81.58%,Eyes_Natural 79.21%,Hats_Deeds_headphones 0.89%,,,36.87411598,https://ipfs.io/ipfs/QmdjgABLaKEgVtuNzMwPvSo16qJg4wbcGBy11Wyc6nKq9w
#237,597,Background_Pink 1.19%,Body_Purple 3.17%,Costume_Banana_T-shirt 0.79%,Face_Natural 81.58%,Eyes_Natural 79.21%,,Goggles_gold_class 1.29%,,36.88826025,https://ipfs.io/ipfs/Qma9M8CnkoR4GQZPcrPt2TzYE2PyNpzrU8VHV93rTq1WSr
#396,598,Background_Purple_Circus 3.17%,Body_Tiger 1.19%,,Face_Natural 81.58%,Eyes_Natural 79.21%,Hats_Bucket_fashion 1.49%,Goggles_snowboard 0.89%,,36.93069307,https://ipfs.io/ipfs/QmbXnW9r3fNbnjFFHX5htTYa4J6p2xFVfc5A1BsCEgvZbG
#748,599,Background_Blue 1.68%,Body_Tiger_blue_purpleStripes 1.19%,,Face_Natural 81.58%,Eyes_Natural 79.21%,,Goggles_Oldtimer_small 2.08%,Assets_Donut 1.78%,36.93069307,https://ipfs.io/ipfs/QmPeghBJAyjmpSBKnCnHTSknLTnpmCNgo2jCv55QuxzUNa
#439,600,Background_Beach 2.87%,Body_Natural 77.03%,,Face_Natural 81.58%,Eyes_Laser 2.38%,,Goggles_flat 1.49%,Assets_crazy_monkey 2.28%,36.94483734,https://ipfs.io/ipfs/QmP3vkVu3HTpr7PcNwU46zT8Y5BxJHNndcxqixkkcLXuaA
#550,601,Background_warm_Blue 1.88%,Body_Tiger_Alien 0.79%,,Face_Natural 81.58%,Eyes_Natural 79.21%,Hats_Burger 3.37%,,Assets_Money 0.99%,36.97312588,https://ipfs.io/ipfs/QmXuiVU9F9foax4orQcwqAst29FD2ZDu2c9vrNUUyUoYdj
#983,602,Background_90s 1.19%,Body_Tiger 1.19%,,Face_Natural 81.58%,Eyes_Natural 79.21%,,Goggles_diamond_frame 1.88%,Assets_Laptop 2.97%,37.00141443,https://ipfs.io/ipfs/QmV4NuuzW44sBGyVHoCin1b73ZRVaXBYf2r2pKPKmvFsCV
#247,603,Background_Teal 1.78%,Body_Golden 4.55%,Costume_Cholo_grey 0.20%,Face_Natural 81.58%,Eyes_Natural 79.21%,Hats_G_Cap 0.89%,,,37.02970297,https://ipfs.io/ipfs/QmTnACNVg6hXqQT94N7BpLKcHzRMmRM8MWcWf53xizDrbo
#1006,604,background_Gradient_reversed 1.19%,Body_Blue 3.66%,,Face_Natural 81.58%,Eyes_Natural 79.21%,,Goggles_snoop 1.68%,Assets_Cigar_Short 1.29%,37.08628006,https://ipfs.io/ipfs/QmRtyS6eACDenSWp6AzvV4ffGdECzyRJWPkJCPJbWByN7x
#43,605,Background_Brightblue 1.88%,Body_Tige_Pink 1.78%,,Face_Natural 81.58%,Eyes_Natural 79.21%,Hats_Burger 3.37%,,Assets_Shotgun 0.89%,37.10042433,https://ipfs.io/ipfs/QmcBbn7dDjiqEtUCcSPYto5LNQZpfA2L3pcABWJkHxfN6G
#845,606,Background_Clouds 1.68%,Body_Golden 4.55%,Costume_Trainer_green 1.58%,Face_Natural 81.58%,Eyes_Natural 79.21%,Hats_tupac 0.20%,,,37.1145686,https://ipfs.io/ipfs/QmYdBpzQfi76x2htU3j4YHDWspT6v3ZtUCfRUfW4FA6op8
#509,607,background_Pink_red 1.68%,Body_Blue 3.66%,,Face_Natural 81.58%,Eyes_Natural 79.21%,,Goggles_Oldtimer_small 2.08%,Assets_Harry_Potter_stick 0.69%,37.12871287,https://ipfs.io/ipfs/QmXaP2JbBoyALTasxEkVsFcHH2QG5PAzpwwsCrdc2HmPrd
#564,608,Background_Blue 1.68%,Body_Tiger_purple_stripes 1.29%,,Face_Natural 81.58%,Eyes_Natural 79.21%,,Goggles_Gold_48K_long 0.30%,Assets_Mic 4.95%,37.14285714,https://ipfs.io/ipfs/Qmbg75nHg4i6oNPxRsMieqYYFerHLykbdAaTsRPTJqf3CW
#801,609,Background_Bright_Sky 1.58%,Body_Blue 3.66%,Costume_President_suit 1.88%,Face_Natural 81.58%,Eyes_Natural 79.21%,,,Assets_rodent_teeth 1.29%,37.17114569,https://ipfs.io/ipfs/QmT4zdtUeeuKavULXyGBEbzQu9d1BAmFmFDxzff6sPsMEJ
#282,610,Background_Warm_winter 2.67%,Body_Tige_Pink 1.78%,Costume_Punk_Suit 1.49%,Face_Natural 81.58%,Eyes_Natural 79.21%,,,Assets_Laptop 2.97%,37.24186704,https://ipfs.io/ipfs/QmfNrjJ16ebur9jTBK2Qsg5Z3V5PArx13fKp781wNzXHf4
#462,611,background_Virtual_space 2.48%,Body_Blue 3.66%,,Face_Natural 81.58%,Eyes_Natural 79.21%,Hats_Crown 0.50%,,Assets_crazy_monkey 2.28%,37.24186704,https://ipfs.io/ipfs/QmeRMwMRz4Nx1VKFL4iJMuPgNb5xaDh65RB97nJpTCLjyp
#992,612,Background_Beach 2.87%,Body_Purple 3.17%,,Face_Natural 81.58%,Eyes_Natural 79.21%,Hats_G_Cap 0.89%,Goggles_Oldtimer_small 2.08%,,37.25601132,https://ipfs.io/ipfs/QmfCFKv5xmpH6xxc8fC3DDtbg2HXgDGNyYfuTWW9VwDU5w
#610,613,Background_Nevada 2.67%,Body_Purple 3.17%,,Face_Natural 81.58%,Eyes_Natural 79.21%,Hats_party 1.49%,,Assets_Donut 1.78%,37.27015559,https://ipfs.io/ipfs/QmT78fCTWVw53hBCDxGL1xCNCwgeLzFzVRs8T7e9Y6akyg
#302,614,Background_Nevada 2.67%,Body_Golden 4.55%,Costume_Mercedes_Tee 0.59%,Face_Natural 81.58%,Eyes_Natural 79.21%,,Goggles_Retro_Future 1.49%,,37.29844413,https://ipfs.io/ipfs/QmTJpGM87UT1SZ7kci2r8QqE1occHWsxZsT6yMryX3cBTb
#591,615,Background_City_night 2.57%,Body_Blue 3.66%,Costume_Banana_Hoodie 2.18%,Face_Natural 81.58%,Eyes_Natural 79.21%,Hats_Whale_cap 0.99%,,,37.3125884,https://ipfs.io/ipfs/QmWnXz28Z6rP6fX6L5s3D5eaCSd153eXqUFgtqv5B6XURi
#547,616,Background_Planet 1.98%,Body_Golden 4.55%,Costume_Obey_Hoodie 2.57%,Face_Natural 81.58%,Eyes_Natural 79.21%,Hats_Kujira_Protocol_cap 0.40%,,,37.32673267,https://ipfs.io/ipfs/QmYgSudpMFBy8a63dLHmUZBVhbCNmf6suyaKxCvGaoderZ
#185,617,background_Virtual 1.98%,Body_Golden 4.55%,Costume_Luna_Hoodie 1.09%,Face_Natural 81.58%,Eyes_Natural 79.21%,,,Assets_Football 2.08%,37.35502122,https://ipfs.io/ipfs/QmTbjgRQKtQPtWqjG4cQ82smFTJZz76LikF5mRmHCEwqrc
#670,618,background_Spectrum 2.67%,Body_Purple 3.17%,,Face_Natural 81.58%,Eyes_Natural 79.21%,,Goggles_Nights_Snowboard 1.09%,Assets_Pipe_red 2.97%,37.38330976,https://ipfs.io/ipfs/QmUAdv4pWUXXAN5TifrTWFbLDhHzMN85aLuQPWn64p13EN
#797,619,background_Virtual_space 2.48%,Body_Golden 4.55%,Costume_Banana_Hoodie 2.18%,Face_Natural 81.58%,Eyes_Natural 79.21%,,Goggles_gold_class 1.29%,,37.46817539,https://ipfs.io/ipfs/QmVPaxw1VPWB3hvhsU2h5JrPS5Avw3CQX9vm7jikZMuTsb
#356,620,Background_Nevada 2.67%,Body_Purple 3.17%,Costume_Banana_Hoodie 2.18%,Face_Natural 81.58%,Eyes_Natural 79.21%,,,,37.46817539,https://ipfs.io/ipfs/QmPUWM5NutrEJcvby86EgsB6Ap6k7DNAA2MyX65sGGMFGt
#918,621,Background_City 2.08%,Body_Golden 4.55%,Costume_Punk_Suit 1.49%,Face_Natural 81.58%,Eyes_Natural 79.21%,,,Assets_Basketball 2.38%,37.46817539,https://ipfs.io/ipfs/QmT3jZM5fhW3meJHqyiYvU8JB95aYpf8iy7aBJrsJsKAMg
#816,622,Background_cigarettes 0.79%,Body_Natural 77.03%,,Face_Natural 81.58%,Eyes_Stoned 11.49%,Hats_Crown 0.50%,Goggles_robot_gold 1.09%,,37.63790665,https://ipfs.io/ipfs/QmT7zYbn3JWJNhDBkR5FRYpUyd1uZNNf54FpfUY5XeEj36
#608,623,Background_Soft_green 1.39%,Body_Natural 77.03%,Costume_Basketball_Jersey_Gold 0.69%,Face_Natural 81.58%,Eyes_Stoned 11.49%,Hats_Stitch 0.59%,,,37.68033946,https://ipfs.io/ipfs/QmZW8g9gDLNu5JZ9SjAD9nTF9sYS3KfX2LCNeEnfKdiexc
#655,624,background_Spectrum_reversed 1.49%,Body_Natural 77.03%,,Face_Natural 81.58%,Eyes_Stoned 11.49%,Hats_fresh_look_headphones 0.50%,Goggles_Driver 1.19%,,37.75106082,https://ipfs.io/ipfs/QmNcbsQuDRmvLg9BjL7xyi4jNBpkFdsJLwYXgEGETVhe7f
#749,625,Background_Japanese_Mist 2.18%,Body_Natural 77.03%,Costume_Banana_T-shirt 0.79%,Face_Natural 81.58%,Eyes_Stoned 11.49%,Hats_American_Football_white_helmet 0.30%,,,37.76520509,https://ipfs.io/ipfs/QmW1J1uJU5FTArTFiYCEgxwGEWYRp6qTNDuJuzstNj9GdH
#792,626,background_Pink_red 1.68%,Body_Natural 77.03%,Costume_Luchador_Blue 1.09%,Face_Pink 14.16%,Eyes_Natural 79.21%,,,Assets_Supermonkee 0.50%,37.80763791,https://ipfs.io/ipfs/QmTSc6F6RTBh9wGyNSZ1jDsTDGML3yZB4JYXGvfxrQxN3w
#393,627,Background_Grey_Fog 0.89%,Body_Natural 77.03%,Costume_GraviDAO_Tee_Teal 0.30%,Face_Natural 81.58%,Eyes_Stoned 11.49%,,,Assets_Basketball 2.38%,37.80763791,https://ipfs.io/ipfs/QmdeDAhUBRC6WQo3hFjFRHAtPDPKLBTeMdgASH4wTcmyVU
#432,628,Background_City_night 2.57%,Body_Natural 77.03%,Costume_Soviet_general 0.50%,Face_Natural 81.58%,Eyes_Stoned 11.49%,Hats_Coder 0.59%,,,37.82178218,https://ipfs.io/ipfs/QmTxDXWLpJDyCZE4D8LMvuJTS7FZePvwEKVHmMecMEw5ss
#583,629,Background_City 2.08%,Body_Natural 77.03%,Costume_Napoleon 1.19%,Face_Pink 14.16%,Eyes_Natural 79.21%,Hats_Kujira_Protocol_cap 0.40%,,,37.86421499,https://ipfs.io/ipfs/QmNsC7CwuA6GHqfNNZDY3Zvi1MM8vH16xna2T177S17G3e
#654,630,Background_Purple_gradient 1.88%,Body_Natural 77.03%,Costume_Black_suit 0.79%,Face_Pink 14.16%,Eyes_Natural 79.21%,,,Assets_Gold_Mic 1.19%,37.89250354,https://ipfs.io/ipfs/Qmby3SKqG8LqjNsyaBG8eXjAKQqjByWeuoNx1UDcLe13gH
#968,631,Background_Blue_circus 2.48%,Body_Natural 77.03%,Costume_Don_Suit 0.69%,Face_Pink 14.16%,Eyes_Natural 79.21%,Hats_basketball_Headband 0.69%,,,37.89250354,https://ipfs.io/ipfs/QmTudCH9vrZ7Br463Wkbg4VG9BkUXYzPmdd1QpHw4MP4xM
#732,632,Background_Purple_gradient 1.88%,Body_Natural 77.03%,Costume_Wtv_Hoodie 1.78%,Face_Pink 14.16%,Eyes_Natural 79.21%,Hats_Winter_headphones_Yellow 0.30%,,,37.90664781,https://ipfs.io/ipfs/QmRXPYndmLxKgZ6dNxFJ8nPsJktUzVWhLiUwUnVYwEcv4b
#264,633,Background_Soft_green 1.39%,Body_Natural 77.03%,Costume_Cholo_Blue 0.30%,Face_Pink 14.16%,Eyes_Natural 79.21%,Hats_Winter 2.28%,,,37.90664781,https://ipfs.io/ipfs/QmZHkMxkZ15zJCd7QotXdy3Nnucw8TLm8HR5sY7gRDYfoY
#775,634,Background_Earth 2.77%,Body_Natural 77.03%,Costume_Astro_Soviet 0.79%,Face_Natural 81.58%,Eyes_Stoned 11.49%,,,,37.90664781,https://ipfs.io/ipfs/QmefjTWMdeARy7KDunTouofQyFUY8vT2qcER4aQ652wFtE
#217,635,Background_Warm_winter 2.67%,Body_Natural 77.03%,Costume_Don_Suit 0.69%,Face_Pink 14.16%,Eyes_Natural 79.21%,Hats_basketball_Headband 0.69%,,,37.92079208,https://ipfs.io/ipfs/QmRC9avpqxZ4P3oPUX3jJf8Bbu1WN3dDRLNyw4er4VJP4Q
#644,636,Background_Blue_circus 2.48%,Body_Blue 3.66%,,Face_Natural 81.58%,Eyes_Natural 79.21%,Hats_Mohawk_red 2.57%,,Assets_Mic 4.95%,37.92079208,https://ipfs.io/ipfs/QmTggmD5n8zjwPEaMg9R9dtk5QkQhHPRge88vm8AMKCkbp
#379,637,background_Virtual_space 2.48%,Body_Natural 77.03%,,Face_Natural 81.58%,Eyes_Stoned 11.49%,,Goggles_Natural_Born_Dealer 0.69%,Assets_money_warm 1.29%,37.93493635,https://ipfs.io/ipfs/QmWc7jRG8j1ESp4dQP1FCR4C4mejEpKpzsKj8uCyLyco9a
#752,638,Background_warm 0.69%,Body_Natural 77.03%,Costume_Banana_Hoodie 2.18%,Face_Pink 14.16%,Eyes_Natural 79.21%,,Goggles_blue 1.29%,,37.93493635,https://ipfs.io/ipfs/QmSjf7ZcCcfHetQFzAA1aeoN7Sy6Y7GtMUQzLE5F5vcvsy
#802,639,background_Coins 0.89%,Body_Natural 77.03%,,Face_Pink 14.16%,Eyes_Natural 79.21%,Hats_White_Karate_bandana 1.19%,,Assets_crazy_monkey 2.28%,37.96322489,https://ipfs.io/ipfs/QmXrvuWT2EQHVswEEJqfosyuyVaABqMAricLvRy7XDznBJ
#935,640,Background_Purple_gradient 1.88%,Body_Natural 77.03%,,Face_Pink 14.16%,Eyes_Natural 79.21%,Hats_Brain 0.50%,,Assets_dynamite 1.98%,37.96322489,https://ipfs.io/ipfs/QmbuZECNG25XvPNNpC8VLmZvLzKgjcJhsk4LrR4G9LYb9w
#223,641,Background_Teal 1.78%,Body_Natural 77.03%,Costume_Obey_Hoodie 2.57%,Face_Natural 81.58%,Eyes_Stoned 11.49%,,,Assets_Mushroom 0.50%,37.99151344,https://ipfs.io/ipfs/QmfGf6E4MLjURQbmJFd69RzD5zaaVXs6w8X8tDCGP2Qa95
#793,642,Background_Brightblue 1.88%,Body_Natural 77.03%,Costume_JudasPriest_T-shirt 0.99%,Face_Pink 14.16%,Eyes_Natural 79.21%,,,Assets_Cigar_thick 1.68%,37.99151344,https://ipfs.io/ipfs/Qme1wwceS2PRyQNVmdDPka336AqeRu9WdXy7T1FnZg394n
#245,643,Background_Warm_winter 2.67%,Body_Natural 77.03%,Costume_Terminator_Jacket 1.78%,Face_Pink 14.16%,Eyes_Natural 79.21%,Hats_Banana 0.59%,,,38.06223479,https://ipfs.io/ipfs/QmfYb5DG3cfhGYZDXXDCxsLTL4kmwauF8MQc73zi5zDBBK
#873,644,Background_Blue_circus 2.48%,Body_Natural 77.03%,Costume_Astro_US 0.30%,Face_Pink 14.16%,Eyes_Natural 79.21%,Hats_Boy_cap 2.57%,,,38.10466761,https://ipfs.io/ipfs/QmRqJ8FCt9FX9MpzvVVN9nvtpT8kWXHRx41B9FoWNqjARm
#912,645,Background_Northern_mountains 2.08%,Body_Natural 77.03%,Costume_BlackMetal_Hoodie 1.09%,Face_Natural 81.58%,Eyes_Stoned 11.49%,,,,38.10466761,https://ipfs.io/ipfs/QmeGer5CYVSqLNhMzFVfY7uZbNE4PSnakmRTYbYhYTfZHr
#799,646,Background_Evening_Tv 2.67%,Body_Natural 77.03%,Costume_Hunter_S_Thompson_Red 1.49%,Face_Pink 14.16%,Eyes_Natural 79.21%,Hats_Wagmi 1.58%,,,38.1612447,https://ipfs.io/ipfs/QmbXS61r32rQcAjA5nHELecKdFVvBThHQQEBWq4dvkfS2v
#60,647,Background_Evening_Tv 2.67%,Body_Natural 77.03%,,Face_Pink 14.16%,Eyes_Natural 79.21%,,Goggles_MiamiVice 1.98%,Assets_High_Beer 1.98%,38.28854314,https://ipfs.io/ipfs/QmTsuRCHqvjxUg9YfjztFwa3e5UbCYfDVXMYRuJmyaNwg1
#510,648,Background_Westcoast 0.79%,Body_Natural 77.03%,Costume_Kujira_Hoodie 0.40%,Face_Natural 81.58%,Eyes_Natural 79.21%,Hats_Kujira_Protocol_cap2 0.30%,Goggles_Natural_Born_Dealer 0.69%,,41.37376238,https://ipfs.io/ipfs/QmUnJq7a7MYYxNGkR74VkvVN7r2fLQJRg9KXrWehTYLRCb
#820,649,background_Pink_red 1.68%,Body_Natural 77.03%,Costume_Captain_W 0.30%,Face_Natural 81.58%,Eyes_Natural 79.21%,Hats_Stader_Protocol_cap 0.20%,,Assets__lighter 0.89%,41.48514851,https://ipfs.io/ipfs/QmWt7Qy1dw6urrS6sVD2qZD8g9GZ1kvbNuHe9gSE9Kmjoc
#320,650,Background_90s 1.19%,Body_Natural 77.03%,Costume_GraviDAO_Hoodie 0.10%,Face_Natural 81.58%,Eyes_Natural 79.21%,Hats_GraviDAO_Cap_Teal 0.30%,Goggles_flat 1.49%,,41.48514851,https://ipfs.io/ipfs/QmThcvJRvDXVUPhFLTR5nWRQAQfyTCkzGyKW1kvKsHKr31
#309,651,Background_warm 0.69%,Body_Natural 77.03%,Costume_Wu_Hoodie 0.99%,Face_Natural 81.58%,Eyes_Natural 79.21%,Hats_Winter_headphones_Pink 0.89%,Goggles_VR_Luna 0.59%,,41.49752475,https://ipfs.io/ipfs/QmcYbghMVb48LsjwQLpbMX6sJcsiqCyjqByrY3e3dCAANH
#565,652,Background_City_Knight 1.09%,Body_Natural 77.03%,Costume_Luchador_Rojo 0.79%,Face_Natural 81.58%,Eyes_Natural 79.21%,Hats_Karate_bandana 0.89%,Goggles_starman 0.50%,,41.50990099,https://ipfs.io/ipfs/QmedWUyHJNnpj47AUnbMWS6HA54RrPL1DXkaowKdqZ47d2
#825,653,Background_castle 1.09%,Body_Natural 77.03%,Costume_BDSM 0.79%,Face_Natural 81.58%,Eyes_Natural 79.21%,Hats_Winter_headphones 0.50%,Goggles_future_snowboard 0.89%,,41.50990099,https://ipfs.io/ipfs/QmdNmX5brXVGtzvDR6s7uk2NbBkThi7oT1429zXUvuU12C
#442,654,Background_City_Knight 1.09%,Body_Natural 77.03%,Costume_Karate_Kimono_red 1.09%,Face_Natural 81.58%,Eyes_Natural 79.21%,,Goggles_starman 0.50%,,41.52227723,https://ipfs.io/ipfs/QmeTV6SF9nAtnPv1C3nMjo8FYFLSzWvgewHPJXE8JTiEaN
#684,655,Background_Grey_Fog 0.89%,Body_Natural 77.03%,Costume_Astro_Blue 0.50%,Face_Natural 81.58%,Eyes_Natural 79.21%,Hats_Red_headphones 0.50%,,Assets_Bong_green 1.49%,41.52227723,https://ipfs.io/ipfs/QmeFeV8J88LQXs4rdiwBuUQTT13py84Fp6QGcuy7m97bfk
#953,656,Background_City_Bright 1.19%,Body_Natural 77.03%,Costume_Mr_Pink 0.40%,Face_Natural 81.58%,Eyes_Natural 79.21%,Hats_Soviet 0.40%,,Assets_Rainbow_teeth 1.39%,41.52227723,https://ipfs.io/ipfs/QmaGxAW1cZXnFqjw5rJhGJmigvrennB5XR3tWxAFVZHdrF
#982,657,background_Coins 0.89%,Body_Natural 77.03%,,Face_Natural 81.58%,Eyes_Natural 79.21%,Hats_Diamonds_cap 0.30%,Goggles_POlice_gold 0.50%,Assets_Bling_luna 1.68%,41.52227723,https://ipfs.io/ipfs/QmahKCCjDH4EV9YJjzxBmXzUFLszTTyNQVnDsQRGybmdvi
#7,658,Background_Blue_circus_2 2.28%,Body_Natural 77.03%,Costume_Anchor_hoodie_Black 0.40%,Face_Natural 81.58%,Eyes_Natural 79.21%,Hats_Graduate 0.30%,,Assets_fly_slapper_simple 0.50%,41.53465347,https://ipfs.io/ipfs/QmTCWpnjs663ZPkYHP5aCukqXj3RFULrKZuyFXQXrmD3CW
#808,659,background_Gradient_reversed 1.19%,Body_Natural 77.03%,Costume_God_hoodie 1.29%,Face_Natural 81.58%,Eyes_Natural 79.21%,Hats_Soviet_Militia_cap 0.20%,,Assets_Laptop_Pirate 0.79%,41.53465347,https://ipfs.io/ipfs/QmWNnZUUS2Ag7ctfy482HBzt1Edtms89MJe3naYgjewcMK
#507,660,Background_Warm_Red 1.09%,Body_Natural 77.03%,Costume_Kujira_T-shirt 0.59%,Face_Natural 81.58%,Eyes_Natural 79.21%,Hatss_Luchador_Pesadilla_Azul 0.20%,Goggles_Oldtimer 1.68%,,41.5470297,https://ipfs.io/ipfs/QmWMSzSdyrSeD78h31jgR3PKN7gDRteUDz7tadiY4SKMgk
#298,661,Background_Bright_Sky 1.58%,Body_Natural 77.03%,Costume_Red_suit 0.50%,Face_Natural 81.58%,Eyes_Natural 79.21%,,Goggles_architect 0.69%,Assets_Money 0.99%,41.57178218,https://ipfs.io/ipfs/Qmegqkg8kyuUJ43hK3DcC3Pg6W7XZHNsjYwDHvagqbdtM1
#541,662,Background_Desert_Moon 1.39%,Body_Natural 77.03%,Costume_Luchador_Blue 1.09%,Face_Natural 81.58%,Eyes_Natural 79.21%,Hats_Basketball_Headband_blue 0.69%,Goggles_vogue 0.59%,,41.57178218,https://ipfs.io/ipfs/QmYximCejF9DSy1bAvJVkmGqmXAP4WwRbX7TTjawxzrq9A
#786,663,background_Virtual 1.98%,Body_Natural 77.03%,Costume_Astro_Blue 0.50%,Face_Natural 81.58%,Eyes_Natural 79.21%,Hats_Afro 0.50%,,Assets_Laptop_Pirate 0.79%,41.57178218,https://ipfs.io/ipfs/QmaFmGGxSBGsPNQKTXZabbVKbEqUNWw2CNVoukHCVMDhiD
#56,664,Background_Sky 0.99%,Body_Natural 77.03%,Costume_Firefighter 0.69%,Face_Natural 81.58%,Eyes_Natural 79.21%,,Goggles_fancy_yellow 0.69%,Assets_Bling_money 1.49%,41.58415842,https://ipfs.io/ipfs/QmNxE9b9mbFbYnksFvSj8iWzSwET83FqxKRYNwhx3EnA2x
#878,665,Background_Westcoast_evening 0.79%,Body_Natural 77.03%,Costume_Mario 0.40%,Face_Natural 81.58%,Eyes_Natural 79.21%,,Goggles_flat 1.49%,Assets_MIB 1.19%,41.58415842,https://ipfs.io/ipfs/QmUqnn3GivjX3q1stQXugo3QcBdkv6CQestSbgQx4vyXRY
#172,666,Background_Desert 1.88%,Body_Natural 77.03%,Costume_Soviet_Militia 0.30%,Face_Natural 81.58%,Eyes_Natural 79.21%,Hats_Afro 0.50%,Goggles_Studio54 1.19%,,41.58415842,https://ipfs.io/ipfs/QmZ9CVJBQpKuJ2Jvpx3NcMxHyjzmEHJBe6QL9xLzEjv97N
#472,667,background_Virtual 1.98%,Body_Natural 77.03%,Costume_Royal_uniform 0.30%,Face_Natural 81.58%,Eyes_Natural 79.21%,Hats_Red_headset 0.89%,Goggles_versace 0.69%,,41.58415842,https://ipfs.io/ipfs/Qmd1vcATQxvVCBTARpQybmLiChs2tFKhXqB75xGzUuZuf1
#481,668,Background_Virtual-desert 1.09%,Body_Natural 77.03%,Costume_Karate_Kimono_Blue 0.99%,Face_Natural 81.58%,Eyes_Natural 79.21%,Hats_Nintendo 1.29%,Goggles_starman 0.50%,,41.58415842,https://ipfs.io/ipfs/QmZMuUq9LA4KMzNJPE3QYL4zLYUcV452f2seE98qGC3MKR
#340,669,Background_Blue_circus 2.48%,Body_Natural 77.03%,Costume_GraviDAO_Hoodie_yellow 0.20%,Face_Natural 81.58%,Eyes_Natural 79.21%,,Goggles_schoolboy 0.79%,Assets_pool_ball 0.50%,41.59653465,https://ipfs.io/ipfs/QmcRCx5DVH278hCtNuW5dUbPBgRqArTNJSPiwFS2cpnr9B
#348,670,Background_orange 1.39%,Body_Natural 77.03%,Costume_Whale_Hoodie 1.49%,Face_Natural 81.58%,Eyes_Natural 79.21%,Hats_Backetball_afro 0.50%,,Assets_Gold_teeth 0.59%,41.59653465,https://ipfs.io/ipfs/QmaiZXjTUQg1NTxpdUPj83KmXYaRmrGcj1QVT94mZ7BZKm
#395,671,Background_School_of_Witchcraft 0.59%,Body_Natural 77.03%,,Face_Natural 81.58%,Eyes_Natural 79.21%,,Goggles_VR_NINJA 0.79%,Assets_Football 2.08%,41.59653465,https://ipfs.io/ipfs/QmTTVVfnE2xFhnWdgSe8bgkmxZQ8b1ptmMqYJAex7nXbiF
#908,672,Background_Brightblue 1.88%,Body_Natural 77.03%,Costume_PS_Tee 0.99%,Face_Natural 81.58%,Eyes_Natural 79.21%,Hats_tupac 0.20%,Goggles_future_snowboard 0.89%,,41.59653465,https://ipfs.io/ipfs/QmRnc87mvXDkcRgyT4AjgpixRXLZwTcALrYw1MbCYh2Arx
#708,673,Background_Warm_Red 1.09%,Body_Natural 77.03%,Costume_American_Football 0.50%,Face_Natural 81.58%,Eyes_Natural 79.21%,Hats_Spikes_Red 1.19%,,Assets_rodent_teeth 1.29%,41.60891089,https://ipfs.io/ipfs/QmVGaQ1gmc77jFieopivqr8Jwwc7isB6yhk8iLFv25uq8a
#296,674,Background_Westcoast 0.79%,Body_Natural 77.03%,Costume_God_hoodie 1.29%,Face_Natural 81.58%,Eyes_Natural 79.21%,Hats_Winter_white 1.49%,Goggles_VR_PSP 0.59%,,41.62128713,https://ipfs.io/ipfs/QmaJix9fSuMhtufvizEFEwsT4wMSWgS6m8uypBBYdETEj4
#437,675,background_Coins_teal 0.50%,Body_Natural 77.03%,Costume_Trainer_red 1.58%,Face_Natural 81.58%,Eyes_Natural 79.21%,Hats_Pharaoh 0.40%,,Assets_Cigar_gold 1.68%,41.62128713,https://ipfs.io/ipfs/QmVu7cAjJYatWZpEn7c6KtvrWfXFt9ADuDtu9DL4Bv9t3n
#532,676,Background_Warm_Red 1.09%,Body_Natural 77.03%,Costume_Trainer_Blue 0.59%,Face_Natural 81.58%,Eyes_Natural 79.21%,Hats_ATH 0.89%,Goggles_Writer 1.58%,,41.62128713,https://ipfs.io/ipfs/QmcQdHrjWxG97nkP8eCHVGjzAkmbm487Q9vTsSxeYY17ZZ
#255,677,Background_City 2.08%,Body_Natural 77.03%,Costume_Red_suit 0.50%,Face_Natural 81.58%,Eyes_Natural 79.21%,Hats_Nintendo 1.29%,Goggles_assassin 0.30%,,41.62128713,https://ipfs.io/ipfs/QmNsV6q9nZ5wmGTV9qvJY8w6ko5qhdyJpPpYuDzbY4qPtU
#176,678,background_Coins_Purple 0.69%,Body_Natural 77.03%,Costume_Soviet_Militia 0.30%,Face_Natural 81.58%,Eyes_Natural 79.21%,Hats_Boy_cap 2.57%,,Assets_Skate_wagmi 0.69%,41.63366337,https://ipfs.io/ipfs/Qma5Ncfy9RLyqe2FVon4xH94sTnQsSvaM154kLL7vjqow5
#52,679,Background_Future_City 0.50%,Body_Natural 77.03%,Costume_God_hoodie 1.29%,Face_Natural 81.58%,Eyes_Natural 79.21%,,Goggles_diamond_frame 1.88%,Assets_Robin 0.69%,41.6460396,https://ipfs.io/ipfs/QmY2i9neKLANkqzaYHvbPdikQMP6vFSBH7KMABtgYJWjrV
#153,680,Background_Planet 1.98%,Body_Natural 77.03%,Costume_God_hoodie 1.29%,Face_Natural 81.58%,Eyes_Natural 79.21%,,Goggles_VR 0.40%,Assets_Skate_wagmi 0.69%,41.6460396,https://ipfs.io/ipfs/QmeWU8aaMUrkkwmxtRwBkQ5S9SvpzfB5XjrujXzPsq7cjv
#294,681,background_Gradient_reversed 1.19%,Body_Natural 77.03%,Costume_Box_Champion_Belt 1.49%,Face_Natural 81.58%,Eyes_Natural 79.21%,Hats_Classic 1.49%,,Assets_gimp_mouth 0.20%,41.6460396,https://ipfs.io/ipfs/QmeYBjqhZvfMZfTd1G6ZrCk1kDUSp8SXFFymte5tCn8xQv
#359,682,Background_Northern_mountains 2.08%,Body_Natural 77.03%,Costume_GraviDAO_Hoodie_yellow 0.20%,Face_Natural 81.58%,Eyes_Natural 79.21%,Hats_red_Henseiser 0.59%,Goggles_flat 1.49%,,41.6460396,https://ipfs.io/ipfs/QmNh7AcJP1mAHRfiU3hHL3No5CRHyNhb8uDU6urig33GYw
#881,683,Background_Marine_Simple 0.99%,Body_Natural 77.03%,Costume_American_Football_White_jersey 0.59%,Face_Natural 81.58%,Eyes_Natural 79.21%,Hats_Winter_white 1.49%,,Assets_money_warm 1.29%,41.6460396,https://ipfs.io/ipfs/QmbMQwXi5kwE3gasqkfgEGnLKVerp6k5VENCNJtztWw3Kb
#639,684,Background_Blue_Planet 1.88%,Body_Natural 77.03%,Costume_Astro_US 0.30%,Face_Natural 81.58%,Eyes_Natural 79.21%,Hats_Diamonds_cap 0.30%,Goggles_Android_assassin 1.98%,,41.65841584,https://ipfs.io/ipfs/QmW4DNHjimHRv95b5U8Zbk7m437u3yL8psBufQGQZQrmgj
#803,685,Background_cigarettes 0.79%,Body_Natural 77.03%,Costume_Superior_hoodie 1.98%,Face_Natural 81.58%,Eyes_Natural 79.21%,Hats_Child_Cap 1.58%,Goggles_VR_3d_XL 0.10%,,41.65841584,https://ipfs.io/ipfs/QmSCjAp94oHiD65TfcbfcsHaFnZo4pB48UP66qQSqDoEVV
#937,686,Background_Purple_gradient 1.88%,Body_Natural 77.03%,,Face_Natural 81.58%,Eyes_Natural 79.21%,Hats_Snoop 0.10%,Goggles_snoop 1.68%,Assets_Laptop_Pirate 0.79%,41.65841584,https://ipfs.io/ipfs/QmRDQ9hb6zETxWGjbFgtH8VJnyYppeLXoKK9RiHvZkC2jY
#36,687,Background_Planet 1.98%,Body_Natural 77.03%,Costume_Firefighter 0.69%,Face_Natural 81.58%,Eyes_Natural 79.21%,Hats_Bucket_fashion 1.49%,,Assets_joint 0.40%,41.67079208,https://ipfs.io/ipfs/QmNofV2rB8sfwkzBikuug68QYEwVZTTPevnjRQEXg7wVtR
#61,688,Background_Warm_winter 2.67%,Body_Natural 77.03%,Costume_Terra_hoodie 0.99%,Face_Natural 81.58%,Eyes_Natural 79.21%,Hats_Winter_headphones 0.50%,,Assets_coke 0.40%,41.67079208,https://ipfs.io/ipfs/QmYC1TdrJpzyaFVWuLfp4fwbvntecwDQeVBwp1KhJo2Lnw
#196,689,background_banknotes_blue2 0.30%,Body_Natural 77.03%,Costume_Superior_hoodie 1.98%,Face_Natural 81.58%,Eyes_Natural 79.21%,Hats_G_Cap 0.89%,,Assets_Bling_gun 1.39%,41.67079208,https://ipfs.io/ipfs/QmU71WVqNLJKwSqRbboEwXRwSUfvLSPxygBP2bE8mzzKPG
#943,690,Background_Bright_Sky 1.58%,Body_Natural 77.03%,,Face_Natural 81.58%,Eyes_Natural 79.21%,Hats_Horns 1.19%,Goggles_Gold_24K 1.19%,Assets_Bling_Gangster 0.69%,41.68316832,https://ipfs.io/ipfs/QmPppzfXVqLB8QjsJm3Sm4o31HupvuJSWR3mdjSzxRLhBu
#365,691,Background_Purple_gradient 1.88%,Body_Natural 77.03%,Costume_Black_T-shirt 0.20%,Face_Natural 81.58%,Eyes_Natural 79.21%,,Goggles_Oldtimer_gold_Blue 1.98%,Assets_Bling_AK 0.59%,41.68316832,https://ipfs.io/ipfs/QmZ5VvAKED5WmP2ou7irmCfhhozkcrq8qSqhMhk22RMemn
#875,692,Background_Soft_red 1.09%,Body_Natural 77.03%,Costume_American_Football 0.50%,Face_Natural 81.58%,Eyes_Natural 79.21%,,Goggles_robot_gold 1.09%,Assets_dynamite 1.98%,41.68316832,https://ipfs.io/ipfs/QmTufKiudM2zTGRzLmZzLpba6fAF7ncYVTGoTXdi45j3xf
#161,693,Background_Westcoast_evening 0.79%,Body_Natural 77.03%,Costume_Superior_hoodie 1.98%,Face_Natural 81.58%,Eyes_Natural 79.21%,,Goggles_snowboard 0.89%,Assets_Cigar_Gold_thick 1.09%,41.69554455,https://ipfs.io/ipfs/QmT3heLrUxbCsgHsWxmpTcUqsbsNE8136jy9xWS5mGee6C
#267,694,background_Coins_bluel 0.59%,Body_Natural 77.03%,Costume_Terminator_Jacket 1.78%,Face_Natural 81.58%,Eyes_Natural 79.21%,Hats_Atari_Cap 0.69%,,Assets_Cigar_gold 1.68%,41.69554455,https://ipfs.io/ipfs/QmSWieNKgyH7Vwzypyfn5LCKZ4bHonV4Pd7ragffpzKvyw
#612,695,Background_Westcoast 0.79%,Body_Natural 77.03%,,Face_Natural 81.58%,Eyes_Natural 79.21%,Hats_Gold_headset 0.50%,Goggles_POlice_gold 0.50%,Assets_Pipe_red 2.97%,41.69554455,https://ipfs.io/ipfs/QmaYYuSFqUfrotn44zJjpoV13cCKMcpMGaxVaLk2Et42JQ
#779,696,Background_School_of_Witchcraft 0.59%,Body_Natural 77.03%,Costume_Superior_hoodie 1.98%,Face_Natural 81.58%,Eyes_Natural 79.21%,Hats_Bucket_Teal 0.50%,Goggles_Oldtimer 1.68%,,41.69554455,https://ipfs.io/ipfs/QmXoJ1s1rminWecksULXeM1EwsoWcNWxMHwg6GJFBSzME1
#824,697,Background_Beach 2.87%,Body_Natural 77.03%,Costume_Hunter_S_Thompson_Flowers 0.89%,Face_Natural 81.58%,Eyes_Natural 79.21%,Hats_Soviet_Militia_cap 0.20%,,Assets_toy 0.79%,41.69554455,https://ipfs.io/ipfs/QmcDiSXoVzM8giMefrcugJxb8ycL7cZzqJeM6fwK18ByPk
#930,698,background_Gradient_reversed 1.19%,Body_Natural 77.03%,Costume_God 0.79%,Face_Natural 81.58%,Eyes_Natural 79.21%,Hats_Brain 0.50%,,Assets_crazy_monkey 2.28%,41.69554455,https://ipfs.io/ipfs/QmShsAMBoZs3fMwqRPSfTKMY2XhXVKUarEUx6LoKM8Cm8W
#386,699,Background_Northern_mountains 2.08%,Body_Natural 77.03%,Costume_BlackMetal_Hoodie 1.09%,Face_Natural 81.58%,Eyes_Natural 79.21%,Hats_Crown 0.50%,Goggles_Nights_Snowboard 1.09%,,41.69554455,https://ipfs.io/ipfs/QmRvu8dE3wpApneENrbY7tYrNQ7fed3vXGtY9v7p7zT6h6
#905,700,Background_City_Bright 1.19%,Body_Natural 77.03%,Costume_Wagmi_Relax_tee 0.99%,Face_Natural 81.58%,Eyes_Natural 79.21%,,Goggles_Driver 1.19%,Assets_Bling_money 1.49%,41.70792079,https://ipfs.io/ipfs/QmSzVsoEF1e28VBjuJgyA99fP6Vvx18GYXbX2okiahzuwT
#19,701,Background_City_night 2.57%,Body_Natural 77.03%,Costume_Anchor_hoodie_Black 0.40%,Face_Natural 81.58%,Eyes_Natural 79.21%,Hats_Anchor_Protocol_cap 0.30%,Goggles_Cuban_Dream 1.58%,,41.70792079,https://ipfs.io/ipfs/QmYnWLGHk6ec8o6YdeFQhQKhj5xAnYbiYuYTy1bPrWDYrv
#42,702,Background_Orange_disco 0.69%,Body_Natural 77.03%,Costume_Luna_Hoodie 1.09%,Face_Natural 81.58%,Eyes_Natural 79.21%,,Goggles_VR_PSP 0.59%,,41.70792079,https://ipfs.io/ipfs/QmaYnLnMRkgd9e58mV16cRG51Bh4ZoRJP71Yr1zuf4rAWf
#178,703,background_Gradient 1.29%,Body_Natural 77.03%,Costume_PS_Tee 0.99%,Face_Natural 81.58%,Eyes_Natural 79.21%,,Goggles_dealer 1.68%,Assets_Shotgun 0.89%,41.70792079,https://ipfs.io/ipfs/QmVnEVkQPqRspjSYCgk981c2ZhqtsB7y9ADQdEvJkDDWVq
#311,704,Background_Clouds 1.68%,Body_Natural 77.03%,Costume_Trainer_green 1.58%,Face_Natural 81.58%,Eyes_Natural 79.21%,,Goggles_Gold_24K 1.19%,,41.70792079,https://ipfs.io/ipfs/QmbeTMmCkTHUyCkicDktzkYowS8rrXVBhV7jJXeTLjPy2V
#667,705,Background_Blue_circus 2.48%,Body_Natural 77.03%,Costume_Robot_Gold 0.69%,Face_Natural 81.58%,Eyes_Natural 79.21%,,Goggles_assassin 0.30%,Assets_Rainbow_teeth 1.39%,41.70792079,https://ipfs.io/ipfs/QmbDNVpB9Cp2Ternzgp9gKRit7vhEhqSh1FpXjDMQdQPtp
#11,706,Background_Purple_gradient 1.88%,Body_Natural 77.03%,Costume_Banana_Hoodie 2.18%,Face_Natural 81.58%,Eyes_Natural 79.21%,,Goggles_VR 0.40%,Assets_Champagne 0.50%,41.72029703,https://ipfs.io/ipfs/QmQB7U1B3wvwKxJjMkKYeiNopyfpe4CgNuFPAGKaJk2g95
#243,707,Background_Northern_mountains 2.08%,Body_Natural 77.03%,Costume_Trainer_green 1.58%,Face_Natural 81.58%,Eyes_Natural 79.21%,,Goggles_schoolboy 0.79%,Assets_Champagne 0.50%,41.72029703,https://ipfs.io/ipfs/QmXcEc2A2tBf3K1mmaAKyyQDvAosvM9NheXzwfwV53ujue
#3,708,Background_Altered_States 0.79%,Body_Natural 77.03%,Costume_Banana_Hoodie 2.18%,Face_Natural 81.58%,Eyes_Natural 79.21%,,Goggles_Robot_metal 1.68%,Assets_PUNK_Monkee 0.30%,41.72029703,https://ipfs.io/ipfs/QmNufCbkQTYP4AAY8XhVfBsfqg9ZWg1xr4FbZkB7yAQKtv
#74,709,Background_Blue_Planet 1.88%,Body_Natural 77.03%,Costume_Terra_hoodie 0.99%,Face_Natural 81.58%,Eyes_Natural 79.21%,Hats_Hunter_S_Thompson_cap 1.68%,,Assets_Matchstick 0.50%,41.73267327,https://ipfs.io/ipfs/QmZAAo7M3jgwgofbMPjR6bRAyxzrAzu7FM2SzdkYZywKQy
#650,710,Background_City_night 2.57%,Body_Natural 77.03%,Costume_Luchador_Rojo 0.79%,Face_Natural 81.58%,Eyes_Natural 79.21%,Hats_Red_headphones 0.50%,,Assets_Gold_Mic 1.19%,41.73267327,https://ipfs.io/ipfs/QmWuBWr2sr1ALRpTv2sMEHFqoRzpKTgbzrT2hRrjrSGQkk
#966,711,Background_Westcoast 0.79%,Body_Natural 77.03%,,Face_Natural 81.58%,Eyes_Natural 79.21%,Hats_Stader_Protocol_cap2 0.40%,Goggles_bionic 1.39%,Assets_Bong_simple 2.48%,41.73267327,https://ipfs.io/ipfs/QmcQ3hTyoQEBQdPea2mNYnAxv96e58YPsg66eq2JHa9NTv
#512,712,Background_Japanese_Mist 2.18%,Body_Natural 77.03%,Costume_Waiter_suit 0.69%,Face_Natural 81.58%,Eyes_Natural 79.21%,Hats_Red_headset 0.89%,Goggles_agent 1.29%,,41.73267327,https://ipfs.io/ipfs/QmTptZghSUCQywFGNWVKw7PGF39cZZsj3PcUyUEYdLFhac
#568,713,background_Coins_teal 0.50%,Body_Natural 77.03%,,Face_Natural 81.58%,Eyes_Natural 79.21%,Hats_187_cap 0.69%,Goggles_Oldtimer_small 2.08%,Assets_Donut 1.78%,41.73267327,https://ipfs.io/ipfs/QmaeSfmEWU4DhSxNro6TWcqTQMBKYoFuyaWGivbjsPqmes
#829,714,Background_castle_night 0.59%,Body_Natural 77.03%,Costume_Yellow_suit 0.50%,Face_Natural 81.58%,Eyes_Natural 79.21%,Hats_Bucket_fashion 1.49%,,Assets_Bong_simple 2.48%,41.73267327,https://ipfs.io/ipfs/QmTk2qZLE23Wj1rCCGyMdUsmgL9TY1op1gznvFk64wniYa
#759,715,background_Gradient_reversed 1.19%,Body_Natural 77.03%,Costume_Superior_hoodie 1.98%,Face_Natural 81.58%,Eyes_Natural 79.21%,Hats_420 0.50%,,Assets_Bong_green 1.49%,41.7450495,https://ipfs.io/ipfs/QmSQgsy6tSequ1hY1duaibAnnGpT9d25WaKrHAUkuSvQd8
#382,716,Background_Pink 1.19%,Body_Natural 77.03%,Costume_BlackMetal_Hoodie 1.09%,Face_Natural 81.58%,Eyes_Natural 79.21%,,Goggles_80s 1.09%,Assets_Pipe_blue 1.78%,41.7450495,https://ipfs.io/ipfs/QmQBvXHkaCuFPctwa1SJ3fTyKaQPtprTB8uPq8CC2yB1yJ
#521,717,Background_Egypt 1.29%,Body_Natural 77.03%,Costume_Kujira_T-shirt 0.59%,Face_Natural 81.58%,Eyes_Natural 79.21%,,Goggles_VR_NINJA 0.79%,Assets_Bong_simple 2.48%,41.7450495,https://ipfs.io/ipfs/QmfAmNm2sZRFKNtzx9EsgtrwpVbzgE9ARk51vvpWJc2Dc3
#735,718,background_Virtual 1.98%,Body_Natural 77.03%,Costume_Ofend_Hoodie 1.98%,Face_Natural 81.58%,Eyes_Natural 79.21%,Hats_Luna_cap 0.59%,Goggles_VR_Luna 0.59%,,41.7450495,https://ipfs.io/ipfs/QmPXXYGsWoV5hu3QyB8pQdaFr2f9GeVgHXUxwiBaE1FRV7
#743,719,Background_Desert 1.88%,Body_Natural 77.03%,Costume_Karate_Kimono_Blue 0.99%,Face_Natural 81.58%,Eyes_Natural 79.21%,Hats_Loop_Protocol_cap 0.99%,,Assets_money_warm 1.29%,41.7450495,https://ipfs.io/ipfs/QmVsB2E3u3rwtoKJ3UURh7hw3LRs8BUEV6rU7B9om5JcX3
#904,720,background_Coins_teal 0.50%,Body_Natural 77.03%,Costume_Smartass_tee 1.58%,Face_Natural 81.58%,Eyes_Natural 79.21%,Hats_black_fedora 0.79%,,Assets_crazy_monkey 2.28%,41.7450495,https://ipfs.io/ipfs/QmT5mkGs1WbiymN2cFjBcGfetgyQHdoiU1G9FHA7Vjuw8t
#372,721,Background_Bright_Sky 1.58%,Body_Natural 77.03%,Costume_Hodl_hoodie 0.69%,Face_Natural 81.58%,Eyes_Natural 79.21%,Hats_ATH 0.89%,,Assets_High_Beer 1.98%,41.7450495,https://ipfs.io/ipfs/QmTocNLuKS9cQB5xzZypGtnuzwnMqS2W2pjTyu8QLypdge
#633,722,Background_School_of_Witchcraft 0.59%,Body_Natural 77.03%,Costume_Basketball_Jersey_Lockers 0.59%,Face_Natural 81.58%,Eyes_Natural 79.21%,Hats_Whale_cap 0.99%,,Assets_Pipe_red 2.97%,41.7450495,https://ipfs.io/ipfs/Qmcd6GHigwJBR5zqvzS62b36oc1kSavbRnKcn5AxNPuVQg
#739,723,Background_Warm_winter 2.67%,Body_Natural 77.03%,Costume_Robot_Gold 0.69%,Face_Natural 81.58%,Eyes_Natural 79.21%,Hats_helmet_EasyRider 0.10%,Goggles_Oldtimer 1.68%,,41.7450495,https://ipfs.io/ipfs/QmTPwxLfdiR7kde4osKMqoekrgHMghp1TkEFVhT4Eqa6ER
#964,724,Background_Velvet 1.98%,Body_Natural 77.03%,,Face_Natural 81.58%,Eyes_Natural 79.21%,Hats_Child_Cap 1.58%,Goggles_blue 1.29%,Assets_fly_slapper 0.40%,41.75742574,https://ipfs.io/ipfs/QmdPjaRpE2KVmJeSszxQo6fLVpyJAEWZjKSd6tQjtrE46u
#493,725,Background_Desert 1.88%,Body_Natural 77.03%,Costume_Trainer_Blue 0.59%,Face_Natural 81.58%,Eyes_Natural 79.21%,Hats_Atari_Black_Cap 0.79%,,Assets_dynamite 1.98%,41.75742574,https://ipfs.io/ipfs/QmaGEuDNA7yUuGtJq7MyN3DB5KoavtYhKHJerPboryxUb2
#540,726,Background_Japanese_Mist 2.18%,Body_Natural 77.03%,Costume_PS_Tee 0.99%,Face_Natural 81.58%,Eyes_Natural 79.21%,Hats_Royal_cap 0.59%,,Assets_Bong_green 1.49%,41.75742574,https://ipfs.io/ipfs/QmYyVPRB4NxRAk2FoTR4C42fbMfXKmu1HtyxsmALU6BfQh
#685,727,Background_Marine_Simple 0.99%,Body_Natural 77.03%,Costume_Whale_Hoodie 1.49%,Face_Natural 81.58%,Eyes_Natural 79.21%,Hats_Basketball_Headband_blue 0.69%,,Assets_Player 2.08%,41.75742574,https://ipfs.io/ipfs/QmSsNoKXBYdTJCtCnm1pygfQa3CULZVPoXNSxWHMh455Po
#996,728,Background_Warm_winter 2.67%,Body_Natural 77.03%,Costume_Mr_Pink 0.40%,Face_Natural 81.58%,Eyes_Natural 79.21%,Hats_Cartoon_Cap 0.10%,,Assets_Samurai-Sword 2.08%,41.75742574,https://ipfs.io/ipfs/QmXsTBBXGzfWzMur91DQ5F1ABioF1sfGCLvu9hEDZUwSnd
#495,729,Background_Ingame_Hills 0.50%,Body_Natural 77.03%,,Face_Natural 81.58%,Eyes_Natural 79.21%,Hats_Atari_Black_Cap 0.79%,Goggles_Miami_Club 1.98%,Assets_High_Beer 1.98%,41.75742574,https://ipfs.io/ipfs/QmbMY6YvW5S5KjoWGNeesJmkXYxR7WdyeZe5MEtFwPg3tN
#17,730,Background_City_Knight 1.09%,Body_Natural 77.03%,,Face_Natural 81.58%,Eyes_Natural 79.21%,Hats_Child_Cap 1.58%,Goggles_schoolboy 0.79%,Assets_vampireteeth 1.88%,41.76980198,https://ipfs.io/ipfs/QmbKcezYD3Zb4gANG6UYmjKqDYswz1HTFNS5ppebPNEPhG