#31,731,Background_Orange_disco 0.69%,Body_Natural 77.03%,Costume_Terra_hoodie 0.99%,Face_Natural 81.58%,Eyes_Natural 79.21%,,Goggles_agent 1.29%,Assets_Basketball 2.38%,41.76980198,https://ipfs.io/ipfs/QmWThZPbkatEEco8E9CodQdvGmYkriJ549chXxUMv5KFXT
#283,732,background_Coins 0.89%,Body_Natural 77.03%,Costume_Wu_Hoodie 0.99%,Face_Natural 81.58%,Eyes_Natural 79.21%,,Goggles_Oldtimer_gold_Blue 1.98%,Assets_Bong_green 1.49%,41.76980198,https://ipfs.io/ipfs/QmXhbd3iAGWAPNmUAAsPDhHMtXTLz1Et7u8czAvo9fb2fA
#480,733,Background_Teal 1.78%,Body_Natural 77.03%,Costume_Karate_Kimono 0.69%,Face_Natural 81.58%,Eyes_Natural 79.21%,Hats_Hunter_S_Thompson_bucket_green 0.79%,,Assets_Football 2.08%,41.76980198,https://ipfs.io/ipfs/QmX5WmXPRzeyp43Nxn3UeRsFhsjxjS8XGfH6MhoMQ6wUXB
#812,734,background_banknotes_pink 0.50%,Body_Natural 77.03%,Costume_Superior_hoodie 1.98%,Face_Natural 81.58%,Eyes_Natural 79.21%,Hats_Stader_Protocol_cap2 0.40%,,Assets_icecream 2.48%,41.76980198,https://ipfs.io/ipfs/QmaxZy7N2xs5DjxPXd9cKmQZ1m5iNpgPTwGRM4uPDTUNDe
#585,735,Background_90s 1.19%,Body_Natural 77.03%,Costume_LFG_Hoodie 2.18%,Face_Natural 81.58%,Eyes_Natural 79.21%,,Goggles_Gold_48K_long 0.30%,Assets_Cigar_gold 1.68%,41.76980198,https://ipfs.io/ipfs/QmciSeaMVrtxFs83M7qA1WiNd2BModsQiPcQcaTPkr6KvF
#939,736,Background_Japanese_Mist 2.18%,Body_Natural 77.03%,Costume_Red_suit 0.50%,Face_Natural 81.58%,Eyes_Natural 79.21%,Hats_Soviet 0.40%,,Assets_crazy_monkey 2.28%,41.76980198,https://ipfs.io/ipfs/QmcvbhUVEKhM9UApu3rFkKt2rTYk4wNGfZygpwQtNHcLGo
#226,737,Background_Altered_States 0.79%,Body_Natural 77.03%,Costume_Basketball_Jersey_Balls 0.89%,Face_Natural 81.58%,Eyes_Natural 79.21%,Hats_Boy_cap 2.57%,,Assets_Cigar_simple 1.19%,41.78217822,https://ipfs.io/ipfs/QmbT6utmf54abM5DU44z3VE625FtSVqtrsy6X6HgNTnBEd
#533,738,Background_Earth 2.77%,Body_Natural 77.03%,Costume_Kujira_T-shirt 0.59%,Face_Natural 81.58%,Eyes_Natural 79.21%,,Goggles_bionic 1.39%,Assets_Harry_Potter_stick 0.69%,41.78217822,https://ipfs.io/ipfs/QmfQ2UCyWB1hYCxgyW55mfnNLiZoXKgHMhxbnNLC8hRebG
#653,739,Background_Earth 2.77%,Body_Natural 77.03%,Costume_Trainer_Blue 0.59%,Face_Natural 81.58%,Eyes_Natural 79.21%,Hats_Loop_Protocol_cap 0.99%,,Assets_Cigar_Gold_thick 1.09%,41.78217822,https://ipfs.io/ipfs/QmU5rj4s2rZaRB6dx8yu8z7D9WkaM24vGgTjiUkhNBZ6Dh
#414,740,background_Gradient 1.29%,Body_Natural 77.03%,,Face_Natural 81.58%,Eyes_Natural 79.21%,Hats_Winter_white 1.49%,Goggles_Oldtimer_gold_Blue 1.98%,Assets_Laptop_Pirate 0.79%,41.79455446,https://ipfs.io/ipfs/QmTuooGLF6ZXeynBbyj3xkFoiqD8XWufnuA7tMtaC3yUpo
#458,741,Background_warm_Blue 1.88%,Body_Natural 77.03%,Costume_Hodl_hoodie 0.69%,Face_Natural 81.58%,Eyes_Natural 79.21%,,Goggles_agent 1.29%,Assets_Cigar_gold 1.68%,41.79455446,https://ipfs.io/ipfs/QmWPLKwU7DjWP1irueoizKK1vs8CqpiJUCW1C6WARDP9ia
#203,742,Background_Miami_simple 1.88%,Body_Natural 77.03%,Costume_Superior_hoodie 1.98%,Face_Natural 81.58%,Eyes_Natural 79.21%,Hats_Horns 1.19%,Goggles_Android 0.50%,,41.79455446,https://ipfs.io/ipfs/QmPf7nqsGUXpPoFwD8r7D4azJDPFB74JGAjnHVccpuL8t5
#321,743,Background_tv 0.69%,Body_Natural 77.03%,Costume_Terra_hoodie 0.99%,Face_Natural 81.58%,Eyes_Natural 79.21%,,Goggles_Oldtimer_small 2.08%,Assets_Pipe_blue 1.78%,41.79455446,https://ipfs.io/ipfs/QmeB1pe188PVArHg1UGsm1Laoq9Cd83eaTHsLJ91A6CofW
#445,744,Background_Purple_gradient 1.88%,Body_Natural 77.03%,Costume_Terminator_Jacket 1.78%,Face_Natural 81.58%,Eyes_Natural 79.21%,Hats_Bucket_fashion 1.49%,,Assets_Bigteeth 0.40%,41.79455446,https://ipfs.io/ipfs/Qmev4QZSZ2twkuig9q18nRMhAb6Swz3MbgNvgYcaW9uZcr
#634,745,Background_orange 1.39%,Body_Natural 77.03%,Costume_Smartass_tee 1.58%,Face_Natural 81.58%,Eyes_Natural 79.21%,Hats_yacht_cap 1.49%,,Assets_Cigar_Gold_thick 1.09%,41.79455446,https://ipfs.io/ipfs/QmabW6AE655GDVGD6FFiZu4KVbiZsMSo7kUALphK8r1HGo
#899,746,background_banknotes_pink 0.50%,Body_Natural 77.03%,Costume_Police 0.59%,Face_Natural 81.58%,Eyes_Natural 79.21%,Hats_Fire_Hair 0.99%,,Assets_Ser_Beer 3.47%,41.79455446,https://ipfs.io/ipfs/QmSSqn86FV42ZJ3inAGjjxymfv4RFQg4jes26gmkW3yTq8
#71,747,Background_warm_Blue 1.88%,Body_Natural 77.03%,Costume_1984_Hoodie 1.78%,Face_Natural 81.58%,Eyes_Natural 79.21%,,Goggles_Studio54 1.19%,Assets_Laptop_Pirate 0.79%,41.80693069,https://ipfs.io/ipfs/QmPAeYjDnMg3kMEaUcNr5ekfeFdZwaupwMfnsGtr982THj
#466,748,Background_Virtual-desert 1.09%,Body_Natural 77.03%,Costume_Wtv_Hoodie 1.78%,Face_Natural 81.58%,Eyes_Natural 79.21%,,Goggles_RocketMan 0.79%,Assets_dynamite 1.98%,41.80693069,https://ipfs.io/ipfs/QmXCr793SJeMsvcpF2h6RpdEGPydS2KL5rA7vL8Ebr4Lhp
#619,749,Background_Blue_circus_2 2.28%,Body_Natural 77.03%,,Face_Natural 81.58%,Eyes_Natural 79.21%,Hats_Diamonds_cap 0.30%,Goggles_gold_class 1.29%,Assets_Donut 1.78%,41.80693069,https://ipfs.io/ipfs/QmcVyWpj22NzpXUvXj9ssZcPg6cxZex8JYgPdxz1ZNgusL
#55,750,Background_Soft_green 1.39%,Body_Natural 77.03%,Costume_Firefighter 0.69%,Face_Natural 81.58%,Eyes_Natural 79.21%,Hats_Bucket_fashion 1.49%,,Assets_Player 2.08%,41.80693069,https://ipfs.io/ipfs/QmQwkskc2V9iubaZboAXGBwiEeX8xdzyUV9pp2453YkvLY
#224,751,Background_City_Bright 1.19%,Body_Natural 77.03%,Costume_God_hoodie 1.29%,Face_Natural 81.58%,Eyes_Natural 79.21%,Hats_Bucket_fashion 1.49%,,Assets_Bling_luna 1.68%,41.80693069,https://ipfs.io/ipfs/QmYLFcfCWSwcXg4x1n68jRrKDnVaNBugB1tpLGzS1dBTNs
#444,752,background_Coins_bluel 0.59%,Body_Natural 77.03%,,Face_Natural 81.58%,Eyes_Natural 79.21%,Hats_Deeds_headphones 0.89%,Goggles_simple 2.08%,Assets_Football 2.08%,41.80693069,https://ipfs.io/ipfs/QmeuDdMTSRbekyZhxNppDfqVCL27mMg8pyKqxGNtMZRKG4
#476,753,Background_Marine_Simple 0.99%,Body_Natural 77.03%,Costume_Yellow_suit 0.50%,Face_Natural 81.58%,Eyes_Natural 79.21%,,Goggles_Robot_metal 1.68%,Assets_Bong_simple 2.48%,41.80693069,https://ipfs.io/ipfs/QmQLTbjC3CSsYuNfULCtGQYbWMXvqfyTWrhtzTjEuKGesX
#632,754,background_banknotes_blue 0.40%,Body_Natural 77.03%,Costume_Superior_hoodie 1.98%,Face_Natural 81.58%,Eyes_Natural 79.21%,Hats_party 1.49%,,Assets_Pipe_blue 1.78%,41.80693069,https://ipfs.io/ipfs/QmTqJeuEHo5rxN8NnGsgtcbbBB59Spu8CUYbg8BpzgDBWg
#640,755,Background_Beach 2.87%,Body_Natural 77.03%,,Face_Natural 81.58%,Eyes_Natural 79.21%,Hats_Afro 0.50%,Goggles_future_snowboard 0.89%,Assets_Bling_money 1.49%,41.81930693,https://ipfs.io/ipfs/QmWi7skPUaM9jMQ5vc71uxswk89qqJ5sWHQkNiZ9uMNn9E
#68,756,Background_Bright_Sky 1.58%,Body_Natural 77.03%,Costume_Wagmi_Relax_tee 0.99%,Face_Natural 81.58%,Eyes_Natural 79.21%,,Goggles_fancy_yellow 0.69%,,41.81930693,https://ipfs.io/ipfs/QmNnqJU9jCNv4oph4TExYDSQHv8NZU55zGXeFcZuPEYiwc
#235,757,Background_Nevada 2.67%,Body_Natural 77.03%,Costume_GraviDAO_Hoodie_white 0.20%,Face_Natural 81.58%,Eyes_Natural 79.21%,,Goggles_simple 2.08%,Assets_toy 0.79%,41.81930693,https://ipfs.io/ipfs/QmaagE1hjnh3s6dJkwjvFxvJpVMEEcT85HMatrLmEekapb
#498,758,Background_Desert 1.88%,Body_Natural 77.03%,,Face_Natural 81.58%,Eyes_Natural 79.21%,Hats_Classic 1.49%,Goggles_POlice_gold 0.50%,Assets_vampireteeth 1.88%,41.81930693,https://ipfs.io/ipfs/QmYpNieqEt3dD9Zb8JDEYBo46Ujmk96exfME8W3gY8E3zS
#522,759,Background_Purple_Circus 3.17%,Body_Natural 77.03%,Costume_Karate_Kimono 0.69%,Face_Natural 81.58%,Eyes_Natural 79.21%,Hats_187_cap 0.69%,,Assets_Cigar_simple 1.19%,41.81930693,https://ipfs.io/ipfs/QmZidmFnVvx6FtR6GaDf3Mvqu6tMzxtdVnur63QvWNn9wA
#928,760,background_Gradient 1.29%,Body_Natural 77.03%,Costume_Admiral 0.79%,Face_Natural 81.58%,Eyes_Natural 79.21%,,,Assets_MIB 1.19%,41.81930693,https://ipfs.io/ipfs/QmYDeWtmsKmoUYoLMkSCDh9JegLHivUPArvwRhuuviDALx
#973,761,Background_orange 1.39%,Body_Natural 77.03%,Costume_Captain_W 0.30%,Face_Natural 81.58%,Eyes_Natural 79.21%,Hats_Boy_cap 2.57%,,Assets_Bong_green 1.49%,41.81930693,https://ipfs.io/ipfs/QmZ9YqMeyuKhSZmEZkqk5D33bf37EREPJAiEzU8NAvQszb
#8,762,Background_Miami_simple 1.88%,Body_Natural 77.03%,Costume_President_suit 1.88%,Face_Natural 81.58%,Eyes_Natural 79.21%,,Goggles_fancy_yellow 0.69%,Assets_Rainbow_teeth 1.39%,41.83168317,https://ipfs.io/ipfs/QmYo1pVUqaJXUGAAEddSzybN2BCBpKY45SdkU1NoAxZX8w
#388,763,Background_Blue_circus 2.48%,Body_Natural 77.03%,,Face_Natural 81.58%,Eyes_Natural 79.21%,Hats_G_Cap 0.89%,Goggles_math 1.98%,Assets_pool_ball 0.50%,41.83168317,https://ipfs.io/ipfs/QmXVwxrDBH9ZtiNmACQNtCqisNoNF2pmGfWRe2pyVz8wxA
#475,764,Background_Orange_disco 0.69%,Body_Natural 77.03%,,Face_Natural 81.58%,Eyes_Natural 79.21%,Hats_Bucket_red 1.49%,Goggles_bionic 1.39%,Assets_crazy_monkey 2.28%,41.83168317,https://ipfs.io/ipfs/QmUs9pKHETDcwVCf5kr2UnxpGYWTKGuYhuUrBrW54ohVGM
#851,765,Background_warm_Blue 1.88%,Body_Natural 77.03%,,Face_Natural 81.58%,Eyes_Natural 79.21%,Hats_Yellow_fedora 0.79%,Goggles_flat 1.49%,Assets_Cigar_thick 1.68%,41.83168317,https://ipfs.io/ipfs/Qmb8KAHWeS7bHMFuLtFGRQ6Ts1F5hdom7NPDicmeWyohtq
#988,766,background_Pink_red 1.68%,Body_Natural 77.03%,Costume_Banana_Hoodie 2.18%,Face_Natural 81.58%,Eyes_Natural 79.21%,Hats_Atari_Cap 0.69%,,Assets_money_warm 1.29%,41.83168317,https://ipfs.io/ipfs/QmeVcLm2FzYSnPpLmbNYqQC7kCD4fmMhPQQsM9YLV7D1R7
#346,767,Background_Blue 1.68%,Body_Natural 77.03%,Costume_Punk_Suit 1.49%,Face_Natural 81.58%,Eyes_Natural 79.21%,Hats_Bucket_red 1.49%,,Assets_Gold_Mic 1.19%,41.83168317,https://ipfs.io/ipfs/QmRKNAhq8zMK1jDgTYqTEQ2CZ1y5ETEDxnPf1ghN6pz5zE
#946,768,background_Virtual_space 2.48%,Body_Natural 77.03%,Costume_BDSM 0.79%,Face_Natural 81.58%,Eyes_Natural 79.21%,Hats_Hunter_S_Thompson_cap 1.68%,Goggles_future_snowboard 0.89%,,41.83168317,https://ipfs.io/ipfs/QmZ5LeK6CZVynWbxRnktNagy8Q57kPbKf2faPeiMrDp6Hu
#95,769,Background_Miami_simple 1.88%,Body_Natural 77.03%,Costume_Punk_Suit 1.49%,Face_Natural 81.58%,Eyes_Natural 79.21%,,Goggles_blue 1.29%,Assets_rodent_teeth 1.29%,41.84405941,https://ipfs.io/ipfs/QmeWERuuCh5kBH43mY8mpBW2wYJZyCDJ7fqjJ2gC58zZqj
#508,770,Background_Teal 1.78%,Body_Natural 77.03%,,Face_Natural 81.58%,Eyes_Natural 79.21%,Hats_Atari_Cap 0.69%,Goggles_math 1.98%,Assets_Bong_green 1.49%,41.84405941,https://ipfs.io/ipfs/QmYFKNoe1hCGhYkzhtyDXxYxMm4YPhMkwK6x7THfjf1ueo
#689,771,Background_Blue 1.68%,Body_Natural 77.03%,Costume_PS_Tee 0.99%,Face_Natural 81.58%,Eyes_Natural 79.21%,,Goggles_Studio54 1.19%,Assets_Football 2.08%,41.84405941,https://ipfs.io/ipfs/QmbwR3oJ2bFFZTGEEZo6kW3zn8RSJQ29RaTcNW3od3iUsk
#960,772,Background_Warm_winter 2.67%,Body_Natural 77.03%,,Face_Natural 81.58%,Eyes_Natural 79.21%,Hats_Brain 0.50%,Goggles_versace 0.69%,Assets_Samurai-Sword 2.08%,41.84405941,https://ipfs.io/ipfs/QmXjakooLiKQyDk1y7mbsTgWueDqXP55Ko2ugAQEgJsDhd
#39,773,Background_Japanese_Mist 2.18%,Body_Natural 77.03%,Costume_Police 0.59%,Face_Natural 81.58%,Eyes_Natural 79.21%,,Goggles_DrugLord 1.39%,Assets_Donut 1.78%,41.84405941,https://ipfs.io/ipfs/Qmbv1EUKMoQ8tHN1XmnGxvTfsSJSRo5oYmW5qWoSAzeAHf
#124,774,Background_Soft_red 1.09%,Body_Natural 77.03%,Costume_Banana_Hoodie 2.18%,Face_Natural 81.58%,Eyes_Natural 79.21%,Hats_angel 0.59%,,Assets_Football 2.08%,41.84405941,https://ipfs.io/ipfs/QmUsNKwZdVEjojpSC81RsXTUVTMFp3fiFF7EpUZgieuTTs
#200,775,Background_Evening_Tv 2.67%,Body_Natural 77.03%,Costume_Red_suit 0.50%,Face_Natural 81.58%,Eyes_Natural 79.21%,Hats_General_cap 0.69%,,Assets_Samurai-Sword 2.08%,41.84405941,https://ipfs.io/ipfs/QmdWEDFJk5VcUtJ1T2L2a8cuw8AZNToTnj1zWLkBDcFh3w
#460,776,Background_Warm_Red 1.09%,Body_Natural 77.03%,Costume_Hunter_S_Thompson_Red 1.49%,Face_Natural 81.58%,Eyes_Natural 79.21%,,Goggles_Robot_metal 1.68%,Assets_Cigar_thick 1.68%,41.84405941,https://ipfs.io/ipfs/QmQByvZELfo6inm72b29jMzaM69Zm65GQpbpaAJHwrWZYm
#514,777,background_banknotes_pink 0.50%,Body_Natural 77.03%,Costume_Hunter_S_Thompson_Flowers 0.89%,Face_Natural 81.58%,Eyes_Natural 79.21%,Hats_Mohawk_red 2.57%,,Assets_High_Beer 1.98%,41.84405941,https://ipfs.io/ipfs/QmQdFnkgBnkdatg7A5QBKgKzUoFMjsDFoDTXxxJZYK1YGM
#516,778,Background_Blue_Planet 1.88%,Body_Natural 77.03%,Costume_Terminator_Jacket 1.78%,Face_Natural 81.58%,Eyes_Natural 79.21%,Hats_Banana 0.59%,,Assets_Cigar_gold 1.68%,41.84405941,https://ipfs.io/ipfs/QmdZdQMNjC3yDd7RNtRZCb5eddTb9UwirgttasXYsMh5ZV
#454,779,Background_City_night 2.57%,Body_Natural 77.03%,Costume_God 0.79%,Face_Natural 81.58%,Eyes_Natural 79.21%,Hats_Fire_Hair 0.99%,Goggles_Oldtimer 1.68%,,41.85643564,https://ipfs.io/ipfs/QmQzr98MNJk9zgg9e2xdhsyDrZZNMEjxzy6JByyw6vJMhG
#503,780,Background_Pink 1.19%,Body_Natural 77.03%,,Face_Natural 81.58%,Eyes_Natural 79.21%,Hats_beanie 1.19%,Goggles_dealer 1.68%,Assets_dynamite 1.98%,41.85643564,https://ipfs.io/ipfs/QmPFqW7fLvnqnJttSdMaDWKtLKgSqjEDbG8nKwx4etNuMZ
#783,781,background_Pink_red 1.68%,Body_Natural 77.03%,Costume_Karate_Kimono 0.69%,Face_Natural 81.58%,Eyes_Natural 79.21%,Hats_Spikes_Red 1.19%,,Assets_icecream 2.48%,41.85643564,https://ipfs.io/ipfs/QmVKaCgT4EvurD6oC2zAcvfJmXzYicjRovED1DixV6itXn
#913,782,background_Spectrum 2.67%,Body_Natural 77.03%,Costume_President_suit 1.88%,Face_Natural 81.58%,Eyes_Natural 79.21%,Hats_Firefighter 1.09%,,Assets_fly_slapper 0.40%,41.85643564,https://ipfs.io/ipfs/QmQwNBQ56Me9C93iHZKVXdzBCizon7yKWwqDi2hrcFksJ8
#257,783,Background_Beach 2.87%,Body_Natural 77.03%,,Face_Natural 81.58%,Eyes_Natural 79.21%,,Goggles_HunterS_Thompson 0.89%,Assets_vampireteeth 1.88%,41.86881188,https://ipfs.io/ipfs/QmNwFqWby3fdSWZbPgfn1JsgQAkDGDjF2m5a1WRVeaBEz6
#553,784,Background_City_Knight 1.09%,Body_Natural 77.03%,,Face_Natural 81.58%,Eyes_Natural 79.21%,Hats_party 1.49%,Goggles_future_metal 1.09%,Assets_Bong_simple 2.48%,41.86881188,https://ipfs.io/ipfs/QmUZB7KrFZMUVBFz3HAPF2i761cSexT1qf3sN4gEX5tCAB
#924,785,Background_Blue_Planet 1.88%,Body_Natural 77.03%,Costume_Ofend_Hoodie 1.98%,Face_Natural 81.58%,Eyes_Natural 79.21%,,Goggles_thug 0.89%,Assets_Bling_gun 1.39%,41.86881188,https://ipfs.io/ipfs/QmRQf1x7a1q5g4wneHXq51NyUqS4GAxGQ7NBSHs1qUhW7n
#20,786,Background_City_night 2.57%,Body_Natural 77.03%,Costume_Hunter_S_Thompson_Red 1.49%,Face_Natural 81.58%,Eyes_Natural 79.21%,Hats_White_fedora 1.58%,,Assets_Champagne 0.50%,41.86881188,https://ipfs.io/ipfs/QmXdXeNdch8FzScfjiZvJa36AAtcESYBktbf8Ci3QziNLR
#84,787,Background_Bright_Sky 1.58%,Body_Natural 77.03%,Costume_Trainer_red 1.58%,Face_Natural 81.58%,Eyes_Natural 79.21%,,Goggles_Studio54 1.19%,Assets_Pipe_blue 1.78%,41.86881188,https://ipfs.io/ipfs/QmYWvgQKGM48jRJ2zEBxrPoiL5K9VgchvAzr8Ei5JaBmoh
#232,788,Background_Grey_Fog 0.89%,Body_Natural 77.03%,Costume_GraviDAO_Tee_Teal 0.30%,Face_Natural 81.58%,Eyes_Natural 79.21%,,Goggles_math 1.98%,Assets_Pipe_red 2.97%,41.86881188,https://ipfs.io/ipfs/QmQeDprwfkboPhYPYwcC6nxMxgz4i92wa5vTKvbAimGx2h
#315,789,background_Pink_red 1.68%,Body_Natural 77.03%,Costume_Waiter_suit 0.69%,Face_Natural 81.58%,Eyes_Natural 79.21%,Hats_party 1.49%,,Assets_crazy_monkey 2.28%,41.86881188,https://ipfs.io/ipfs/QmY1Etyytt693w3W6oWQzPZAeKW8cDJVDVRnfj62esH9Qq
#559,790,Background_City_night 2.57%,Body_Natural 77.03%,Costume_Karate_Kimono_red 1.09%,Face_Natural 81.58%,Eyes_Natural 79.21%,Hats_American_Football 0.20%,,Assets_crazy_monkey 2.28%,41.86881188,https://ipfs.io/ipfs/QmVTYXsMWgtNbXAMxTMvEfWiWkh9mVhukanzK2GFj1X56P
#947,791,Background_Teal 1.78%,Body_Natural 77.03%,Costume_LFG_Hoodie 2.18%,Face_Natural 81.58%,Eyes_Natural 79.21%,Hats_Stader_Protocol_cap2 0.40%,,Assets_Pipe_blue 1.78%,41.86881188,https://ipfs.io/ipfs/QmRinFraWo6k6rYA17QSZbbusoF1PdqwfkUP7YvkNxrvR8
#177,792,Background_Earth 2.77%,Body_Natural 77.03%,Costume_Anchor_hoodie_Black 0.40%,Face_Natural 81.58%,Eyes_Natural 79.21%,Hats_Bucket_fashion 1.49%,Goggles_Cuban_Dream 1.58%,,41.88118812,https://ipfs.io/ipfs/QmdVNZdEqv6KWyHtCTXh4KhcCNWA5Uv7NvLrpTb1MYCSYz
#563,793,Background_Teal 1.78%,Body_Natural 77.03%,Costume_Whale_Hoodie 1.49%,Face_Natural 81.58%,Eyes_Natural 79.21%,,Goggles_80s 1.09%,Assets_vampireteeth 1.88%,41.88118812,https://ipfs.io/ipfs/QmTtgFvWP5Cwt6jxiTHJw2MH1mV4cuviPPxZq8a6mp9Tag
#288,794,Background_Brightblue 1.88%,Body_Natural 77.03%,Costume_Trainer_Blue 0.59%,Face_Natural 81.58%,Eyes_Natural 79.21%,Hats_Mohawk_red 2.57%,,Assets_rodent_teeth 1.29%,41.89356436,https://ipfs.io/ipfs/QmWkPXZHP8RvXaS3Yu1XtgvFEwYW4f3sjN4wKHKcgL7t5y
#69,795,Background_Japanese_Mist 2.18%,Body_Natural 77.03%,Costume_Whale_Hoodie 1.49%,Face_Natural 81.58%,Eyes_Natural 79.21%,Hats_Wagmi 1.58%,Goggles_robot_gold 1.09%,,41.89356436,https://ipfs.io/ipfs/QmU4jzYs3TPVZmn48yMdoJ2LLiVvHcMW61CDbY5ohYbCnt
#343,796,Background_Desert 1.88%,Body_Natural 77.03%,Costume_Wu_Hoodie 0.99%,Face_Natural 81.58%,Eyes_Natural 79.21%,Hats_Bucket_red 1.49%,,Assets_High_Beer 1.98%,41.89356436,https://ipfs.io/ipfs/Qmex7q2sDpGvk2TuQMGdeN8zM7jRZJ8oFXq1FS4PAK1BTJ
#477,797,Background_City_night 2.57%,Body_Natural 77.03%,Costume_Kujira_T-shirt 0.59%,Face_Natural 81.58%,Eyes_Natural 79.21%,Hats_General_cap 0.69%,,Assets_icecream 2.48%,41.89356436,https://ipfs.io/ipfs/QmNYBxvnt37o6mcusxHf688Nks9E3VpFjckTndKkHvvoYy
#647,798,Background_City 2.08%,Body_Natural 77.03%,Costume_Luchador_Blue 1.09%,Face_Natural 81.58%,Eyes_Natural 79.21%,Hats_Horns 1.19%,Goggles_math 1.98%,,41.89356436,https://ipfs.io/ipfs/QmZs2pKUQ9n5tnXVFgcbUoY39VpW4WzTSx7BdLXLCgMLaC
#284,799,Background_90s 1.19%,Body_Natural 77.03%,Costume_LFG_Hoodie 2.18%,Face_Natural 81.58%,Eyes_Natural 79.21%,Hats_Red_headset 0.89%,,Assets_Player 2.08%,41.89356436,https://ipfs.io/ipfs/QmZQEtFesjrxwAZVSmteatUFqnTocPhh3U13dMbGSMgP2F
#916,800,Background_Mars 2.28%,Body_Natural 77.03%,Costume_Mercedes_Tee 0.59%,Face_Natural 81.58%,Eyes_Natural 79.21%,,Goggles_Oldtimer 1.68%,Assets_Pipe_blue 1.78%,41.89356436,https://ipfs.io/ipfs/QmXyqGsWssGeEqiH1Yu3Pd3mFS4zJWYLWFKyDvM8j6YKyQ
#974,801,background_Spectrum 2.67%,Body_Natural 77.03%,,Face_Natural 81.58%,Eyes_Natural 79.21%,Hats_beanie 1.19%,Goggles_Studio54 1.19%,Assets_Bling_gun 1.39%,41.90594059,https://ipfs.io/ipfs/QmU43oP7oAmJDg5qQZ3jr5DMpaKKazsqasVXnpGzpqA1Fh
#542,802,background_Virtual 1.98%,Body_Natural 77.03%,Costume_Hunter_S_Thompson_Flowers 0.89%,Face_Natural 81.58%,Eyes_Natural 79.21%,Hats_yacht_cap 1.49%,Goggles_Oldtimer_small 2.08%,,41.90594059,https://ipfs.io/ipfs/QmbYKkqRG8VATuRsxZ7UzLdM2m192aG8rGrQhD9iWQsviX
#854,803,background_Spectrum_reversed 1.49%,Body_Natural 77.03%,Costume_Hodl_hoodie 0.69%,Face_Natural 81.58%,Eyes_Natural 79.21%,Hats_Winter 2.28%,Goggles_MiamiVice 1.98%,,41.90594059,https://ipfs.io/ipfs/QmPvxvzXU5x5iyTKKRdWzCnDwXjYHo8G9gpGjJW2aVNt99
#18,804,Background_City_Bright 1.19%,Body_Natural 77.03%,,Face_Natural 81.58%,Eyes_Natural 79.21%,Hats_black_fedora 0.79%,Goggles_simple 2.08%,Assets_Basketball 2.38%,41.90594059,https://ipfs.io/ipfs/QmZ8hbkr1zD7aEzVpZhmcrT5zDdKMskSGx9jgTGzfApcVX
#112,805,Background_Earth 2.77%,Body_Natural 77.03%,Costume_LFG_Hoodie 2.18%,Face_Natural 81.58%,Eyes_Natural 79.21%,Hats_Winter_headphones_Pink 0.89%,,Assets_Gold_teeth 0.59%,41.90594059,https://ipfs.io/ipfs/QmZYPA9fAmjQiCqsy3n9KGXvx4wtMnLew1aVRzqX7NX5Cg
#132,806,Background_Pink 1.19%,Body_Natural 77.03%,Costume_Whale_Hoodie 1.49%,Face_Natural 81.58%,Eyes_Natural 79.21%,,Goggles_Oldtimer 1.68%,Assets_Player 2.08%,41.90594059,https://ipfs.io/ipfs/QmYtUR3LJiU8VXHdD7Q9e9vji4HcFzD5zT5tmXk8aC69Ze
#246,807,background_Virtual_space 2.48%,Body_Natural 77.03%,Costume_Godfather 0.20%,Face_Natural 81.58%,Eyes_Natural 79.21%,,Goggles_Android_assassin 1.98%,Assets_Pipe_blue 1.78%,41.90594059,https://ipfs.io/ipfs/QmTEN3XcANWzRdcybpy83fTPA4yjCoaHj2GeYuMmHXE6Ut
#347,808,Background_Northern_mountains 2.08%,Body_Natural 77.03%,Costume_President_suit_2 0.69%,Face_Natural 81.58%,Eyes_Natural 79.21%,,Goggles_Oldtimer 1.68%,Assets_dynamite 1.98%,41.90594059,https://ipfs.io/ipfs/Qmd6w9SMx16E3nqnqTF1q1QDRZrGoZ1eWB27XHMgaNBFBp
#269,809,Background_Marine_Simple 0.99%,Body_Natural 77.03%,Costume_Trainer_red 1.58%,Face_Natural 81.58%,Eyes_Natural 79.21%,Hats_Burger 3.37%,Goggles_VR_PSP 0.59%,,41.91831683,https://ipfs.io/ipfs/Qmd1mpyPoJL456rS4cyCoZphrbgt8XKJbur4Qjkduf9QrY
#30,810,background_banknotes_blue 0.40%,Body_Natural 77.03%,Costume_Superior_hoodie 1.98%,Face_Natural 81.58%,Eyes_Natural 79.21%,,Goggles_snoop 1.68%,Assets_Bong_simple 2.48%,41.91831683,https://ipfs.io/ipfs/QmeAPaRC3tKNvR6VFPpmymUDiJ24rMvRpffgbjiN6rXzGu
#478,811,Background_Beach 2.87%,Body_Natural 77.03%,Costume_Wtv_Hoodie 1.78%,Face_Natural 81.58%,Eyes_Natural 79.21%,Hats_Bucket_red 1.49%,,Assets_Bigteeth 0.40%,41.91831683,https://ipfs.io/ipfs/QmcZDi9LPZrGCGNFVV42t22TnZW6KDxiLHac9qZgMB8DqY
#651,812,Background_Northern 0.99%,Body_Natural 77.03%,Costume_Banana_Hoodie 2.18%,Face_Natural 81.58%,Eyes_Natural 79.21%,Hats_Soviet 0.40%,,Assets_Laptop 2.97%,41.91831683,https://ipfs.io/ipfs/QmZgoH8RvUTHmdHfghpmZfJkMN8ATzvTijjj8AQ2RwHi3R
#736,813,Background_Northern 0.99%,Body_Natural 77.03%,,Face_Natural 81.58%,Eyes_Natural 79.21%,Hats_Burger 3.37%,Goggles_Robot_metal 1.68%,Assets_Hose_red 0.50%,41.91831683,https://ipfs.io/ipfs/QmaD6pzCNVjsjZbL8hikEzYxGdzuCJmu5eQ3fLZvbr95EY
#335,814,background_Virtual_space 2.48%,Body_Natural 77.03%,,Face_Natural 81.58%,Eyes_Natural 79.21%,Hats_GraviDAO_cap_Yellow 0.30%,Goggles_flat 1.49%,Assets_Basketball 2.38%,41.93069307,https://ipfs.io/ipfs/QmYxx4bApccCLySkQuZL4j3FKR8UgWnTRkURPCEZBHzNJo
#446,815,Background_Blue_circus_2 2.28%,Body_Natural 77.03%,Costume_Karate_Kimono_Blue 0.99%,Face_Natural 81.58%,Eyes_Natural 79.21%,Hats_Wagmi 1.58%,,Assets_Pipe_blue 1.78%,41.93069307,https://ipfs.io/ipfs/QmeYmB57iQd7qdWP4aEf3GWzXC53qdUfCqQd5ivCHw23Dk
#760,816,Background_City 2.08%,Body_Natural 77.03%,Costume_Astro_Soviet 0.79%,Face_Natural 81.58%,Eyes_Natural 79.21%,Hats_Mohawk_red 2.57%,Goggles_Gold_24K 1.19%,,41.93069307,https://ipfs.io/ipfs/QmVhuFeJyKHyLo5hMAeM8YBtUwuB1F6gdYGb7XQArzQzj3
#578,817,Background_City 2.08%,Body_Natural 77.03%,,Face_Natural 81.58%,Eyes_Natural 79.21%,Hats_Whale_cap 0.99%,Goggles_Cuban_Dream 1.58%,Assets_Football 2.08%,41.94306931,https://ipfs.io/ipfs/Qma2bjaXBoQurGNSQeR2g6YQYJuCusiRyEvcmZaVDjwWNP
#137,818,Background_Beach 2.87%,Body_Natural 77.03%,Costume_Wagmi_Relax_tee 0.99%,Face_Natural 81.58%,Eyes_Natural 79.21%,Hats_Ghostrider_blue 1.29%,Goggles_Cuban_Dream 1.58%,,41.94306931,https://ipfs.io/ipfs/QmdUJxRoxhkYdsVRKqeqJesGjugBGaG9Q1EkkWCMHQTtRo
#605,819,Background_Japanese_Mist 2.18%,Body_Natural 77.03%,Costume_Basketball_Jersey_Balls 0.89%,Face_Natural 81.58%,Eyes_Natural 79.21%,Hats_Hunter_S_Thompson_cap 1.68%,Goggles_math 1.98%,,41.94306931,https://ipfs.io/ipfs/QmR1ne52f44BXZVjmKKaL3NPWwrewfPYNEfcUw1XLFCMZZ
#694,820,background_Spectrum_reversed 1.49%,Body_Natural 77.03%,,Face_Natural 81.58%,Eyes_Natural 79.21%,Hats_Winter 2.28%,Goggles_agent 1.29%,Assets_Cigar_gold 1.68%,41.94306931,https://ipfs.io/ipfs/QmPtgyWPndeeKu3izD3b78RcvGME6ZbXfjinJvf5GwFPAn
#850,821,Background_Blue_circus 2.48%,Body_Natural 77.03%,Costume_Ghost_rider 0.30%,Face_Natural 81.58%,Eyes_Natural 79.21%,Hats_Bucket_red 1.49%,,Assets_icecream 2.48%,41.94306931,https://ipfs.io/ipfs/QmfHLvkqdcmuba3tZtM6gTCeQ86iqfCVUoXQ31MR6C89jQ
#949,822,background_Gradient_reversed 1.19%,Body_Natural 77.03%,Costume_Trainer_green 1.58%,Face_Natural 81.58%,Eyes_Natural 79.21%,,Goggles_diamond_frame 1.88%,Assets_Football 2.08%,41.94306931,https://ipfs.io/ipfs/QmYw8eWJKz1knYRksv7FLG8ondC9wmctRCkLy4tmXvptk9
#318,823,Background_Evening_Tv 2.67%,Body_Natural 77.03%,Costume_Obey_Hoodie 2.57%,Face_Natural 81.58%,Eyes_Natural 79.21%,Hats_red_Henseiser 0.59%,,Assets_Blues_Bro 0.99%,41.95544554,https://ipfs.io/ipfs/QmfMuieR39Uuyqx8knJjMaJfi9GytDHi8zbuB29nz5bRTV
#369,824,Background_Sky 0.99%,Body_Natural 77.03%,,Face_Natural 81.58%,Eyes_Natural 79.21%,Hats_Burger 3.37%,Goggles_gold_class 1.29%,Assets_Cigar_Short 1.29%,41.96782178,https://ipfs.io/ipfs/QmSVRWdKSNoCWABaaqj6cWYKaVtjbso5D69CM4NCzPg7gF
#900,825,Background_Brightblue 1.88%,Body_Natural 77.03%,,Face_Natural 81.58%,Eyes_Natural 79.21%,Hats_Atari_Black_Cap 0.79%,Goggles_gold_class 1.29%,Assets_Laptop 2.97%,41.96782178,https://ipfs.io/ipfs/QmSjPcXKkwLppnbb9ZQfrmdj1KCFSy4YGiY7kiDNg58J9t
#77,826,Background_Northern 0.99%,Body_Natural 77.03%,Costume_Netscape_tee 1.88%,Face_Natural 81.58%,Eyes_Natural 79.21%,Hats_Punk 1.09%,,Assets_Laptop 2.97%,41.96782178,https://ipfs.io/ipfs/QmVFZmpYK3KF2hSNSfvTmjb4bA4E5uzPKZ6kPyDgnWcGKA
#120,827,Background_Desert_Moon 1.39%,Body_Natural 77.03%,Costume_Terminator_Jacket 1.78%,Face_Natural 81.58%,Eyes_Natural 79.21%,Hats_Burger 3.37%,,Assets_coke 0.40%,41.96782178,https://ipfs.io/ipfs/QmfJyPy5tXLWyYXF9eTgrwUJC4Ushq3efhk3g5F58bc2ij
#604,828,Background_City_night 2.57%,Body_Natural 77.03%,Costume_Hunter_S_Thompson_Red 1.49%,Face_Natural 81.58%,Eyes_Natural 79.21%,Hats_Hunter_S_Thompson_bucket_green 0.79%,Goggles_simple 2.08%,,41.96782178,https://ipfs.io/ipfs/QmNwXGeC8f9UuEvhkEfyBtubjofgrazDFPZX7QYE767tA2
#586,829,Background_Beach 2.87%,Body_Natural 77.03%,,Face_Natural 81.58%,Eyes_Natural 79.21%,Hats_Samurai_blue 0.59%,Goggles_vogue 0.59%,Assets_Pipe_red 2.97%,41.98019802,https://ipfs.io/ipfs/QmUTHvJRifXbFXjRW9vJKzFKanUEThz6r9eqVaogLHqXW8
#361,830,Background_Warm_winter 2.67%,Body_Natural 77.03%,Costume_Basketball_Jersey_Lockers 0.59%,Face_Natural 81.58%,Eyes_Natural 79.21%,Hats_Hunter_S_Thompson_cap 1.68%,,Assets_Football 2.08%,41.98019802,https://ipfs.io/ipfs/QmSyUdzCPkzT5n96ZW6z6XuSnSbDYaWgmqyGHgQ4Ez5NYd
#505,831,Background_Soft_green 1.39%,Body_Natural 77.03%,,Face_Natural 81.58%,Eyes_Natural 79.21%,Hats_187_cap 0.69%,Goggles_Oldtimer_small 2.08%,Assets_Pipe_red 2.97%,41.99257426,https://ipfs.io/ipfs/QmVymZHhuxTDT9qxZ37ozRWW7evHnFUFxLqUYXUK2SWBoh
#724,832,Background_Purple_Circus 3.17%,Body_Natural 77.03%,,Face_Natural 81.58%,Eyes_Natural 79.21%,Hats_Robot_Gold 0.69%,Goggles_MiamiVice 1.98%,Assets_Cigarette 1.29%,41.99257426,https://ipfs.io/ipfs/QmbU1dSvsvNWVkqyFMJ8Lig4nxESW9C9tYKuSzZsJitzng
#549,833,Background_Miami_simple 1.88%,Body_Natural 77.03%,,Face_Natural 81.58%,Eyes_Natural 79.21%,Hats_Hunter_S_Thompson_cap 1.68%,Goggles_Cuban_Dream 1.58%,Assets_Samurai-Sword 2.08%,42.0049505,https://ipfs.io/ipfs/QmcMsZhnnWv3oYkV4RUYACNtzmDVWN2kFM5HmtErJY1uTq
#496,834,Background_City 2.08%,Body_Natural 77.03%,Costume_BlackMetal_Hoodie 1.09%,Face_Natural 81.58%,Eyes_Natural 79.21%,,Goggles_math 1.98%,Assets_Samurai-Sword 2.08%,42.0049505,https://ipfs.io/ipfs/QmShoKYNFQe9FQmLBMRWxfGaMoVhXC5gM7Wr2Bhsq2x3qf
#1002,835,background_Coins_Purple 0.69%,Body_Natural 77.03%,Costume_Napoleon 1.19%,Face_Natural 81.58%,Eyes_Natural 79.21%,,Goggles_VR_X 0.50%,Assets_Mic 4.95%,42.01732673,https://ipfs.io/ipfs/QmS3SQP8ycFVVkZ7vT9YRMtRx6TXQ9kQiHt9KsENaLanyc
#75,836,background_Virtual 1.98%,Body_Natural 77.03%,Costume_Obey_Hoodie 2.57%,Face_Natural 81.58%,Eyes_Natural 79.21%,,Goggles_80s 1.09%,Assets_Bling_luna 1.68%,42.01732673,https://ipfs.io/ipfs/QmVowVvfku5PvkYw6ebrhaLD5SVETXph2UTBXJZ3nnFxnm
#148,837,Background_Earth 2.77%,Body_Natural 77.03%,Costume_God_hoodie 1.29%,Face_Natural 81.58%,Eyes_Natural 79.21%,Hats_Wagmi 1.58%,Goggles_dealer 1.68%,,42.01732673,https://ipfs.io/ipfs/QmSdYM2cLQKvLSCzZ97yzHUbZgwtbVtt2CfVLUB8SG8NPP
#422,838,Background_City_night 2.57%,Body_Natural 77.03%,Costume_Psy_hoodie 0.30%,Face_Natural 81.58%,Eyes_Natural 79.21%,Hats_Whale_cap 0.99%,,Assets_Ser_Beer 3.47%,42.01732673,https://ipfs.io/ipfs/QmSwZvPXLSDuZ8jF1RD7mPzugfwbjY3XXQdNGx5nZzvjqQ
#459,839,Background_Desert_Moon 1.39%,Body_Natural 77.03%,Costume_Trainer_red 1.58%,Face_Natural 81.58%,Eyes_Natural 79.21%,Hats_Red_headset 0.89%,,Assets_Ser_Beer 3.47%,42.01732673,https://ipfs.io/ipfs/QmTaaHDFAwZY8M6yvbB3JbHskBu9crsKA2ycivLQARj9zn
#5,840,Background_Mars 2.28%,Body_Natural 77.03%,Costume_Soviet_Militia 0.30%,Face_Natural 81.58%,Eyes_Natural 79.21%,,Goggles_diamond_frame 1.88%,Assets_Laptop 2.97%,42.02970297,https://ipfs.io/ipfs/QmUuWQDZhmaVQMPaNWnhWpZBuz2BXWC3MfE52NJYCznQv6
#101,841,background_Virtual 1.98%,Body_Natural 77.03%,Costume_Obey_Hoodie 2.57%,Face_Natural 81.58%,Eyes_Natural 79.21%,,Goggles_starman 0.50%,Assets_Basketball 2.38%,42.02970297,https://ipfs.io/ipfs/QmXQzrCCX7WZtMNSGWE73wF6qbeN95AhkZx5quGd2c4ZYm
#455,842,Background_Beach 2.87%,Body_Natural 77.03%,Costume_Luna_Hoodie 1.09%,Face_Natural 81.58%,Eyes_Natural 79.21%,,Goggles_Retro_Future 1.49%,Assets_High_Beer 1.98%,42.02970297,https://ipfs.io/ipfs/QmSRveYMAiGJUvr3gWFC4a6JTXAt5QLUTCTPMjrLtv2JQT
#227,843,Background_Purple_Circus 3.17%,Body_Natural 77.03%,Costume_Cholo_red 0.20%,Face_Natural 81.58%,Eyes_Natural 79.21%,Hats_White_fedora 1.58%,,Assets_icecream 2.48%,42.02970297,https://ipfs.io/ipfs/QmVfpLY9pffj9nShfMUN7xoCaY4MpqdX4NB5WKanfgyC7a
#157,844,Background_Miami_simple 1.88%,Body_Natural 77.03%,Costume_Admiral 0.79%,Face_Natural 81.58%,Eyes_Natural 79.21%,,Goggles_DrugLord 1.39%,Assets_Ser_Beer 3.47%,42.04207921,https://ipfs.io/ipfs/QmakckmjwAu3tNiu8Y3e58gShsrD2MpUEtn5xSRpUWWUfG
#166,845,Background_Nevada 2.67%,Body_Natural 77.03%,Costume_Banana_Hoodie 2.18%,Face_Natural 81.58%,Eyes_Natural 79.21%,Hats_Royal_cap 0.59%,,Assets_Football 2.08%,42.04207921,https://ipfs.io/ipfs/QmbWFSdaWjRLzxhk1JX34LAEWCYzDjHGV8ryjBiYdUzjcr
#170,846,Background_Nevada 2.67%,Body_Natural 77.03%,Costume_Hodl_hoodie_Teal 1.58%,Face_Natural 81.58%,Eyes_Natural 79.21%,Hats_Boy_cap 2.57%,Goggles_fancy_yellow 0.69%,,42.04207921,https://ipfs.io/ipfs/QmdFkYHMYe3vkqx7y6eTtjikJ87cYx815ur8SJPh5d58A3
#706,847,Background_Nevada 2.67%,Body_Natural 77.03%,Costume_Ofend_Hoodie 1.98%,Face_Natural 81.58%,Eyes_Natural 79.21%,Hats_Wagmi_Cap 0.89%,,Assets_Samurai-Sword 2.08%,42.05445545,https://ipfs.io/ipfs/QmRsKcZrttYrZAenx2hsV4AN9NXZ2Xcn7RFhdRMiQb4LPq
#638,848,Background_Brightblue 1.88%,Body_Natural 77.03%,Costume_Hunter_S_Thompson_Red 1.49%,Face_Natural 81.58%,Eyes_Natural 79.21%,,Goggles_HunterS_Thompson 0.89%,Assets_Ser_Beer 3.47%,42.06683168,https://ipfs.io/ipfs/QmR663RN6PCqKN6w7X5fJVt8VkibX94njCDB5JwXsXpsiR
#657,849,Background_Evening_Tv 2.67%,Body_Natural 77.03%,,Face_Natural 81.58%,Eyes_Natural 79.21%,,Goggles_dealer 1.68%,Assets_Shotgun 0.89%,42.06683168,https://ipfs.io/ipfs/QmSh1SoqHssYMsfGgKuKqLJGt19kkucAA64BcT4WujXWbk
#896,850,Background_Nevada 2.67%,Body_Natural 77.03%,Costume_Netscape_tee 1.88%,Face_Natural 81.58%,Eyes_Natural 79.21%,Hats_White_Karate_bandana 1.19%,Goggles_Oldtimer_gold_Blue 1.98%,,42.06683168,https://ipfs.io/ipfs/QmQR7BwCGcYNmrke6GnSfutMUPkwshfwtLCNMnTQHAz3vE
#890,851,Background_Warm_winter 2.67%,Body_Natural 77.03%,Costume_LFG_Hoodie 2.18%,Face_Natural 81.58%,Eyes_Natural 79.21%,Hats_party 1.49%,Goggles_Retro_Future 1.49%,,42.07920792,https://ipfs.io/ipfs/Qme1ed4PzfT98Ug9aKwkZUi3MXC4CPmvFqRBtTU1SiMR2c
#113,852,background_Spectrum 2.67%,Body_Natural 77.03%,,Face_Natural 81.58%,Eyes_Natural 79.21%,Hats_Winter_white 1.49%,Goggles_blue 1.29%,Assets_icecream 2.48%,42.09158416,https://ipfs.io/ipfs/QmUZmNsbBGh4FxoEwD2BBMYeJqLB5r3YoBkmesZHw3nzJA
#492,853,Background_Mars 2.28%,Body_Natural 77.03%,Costume_Hodl_hoodie_Teal 1.58%,Face_Natural 81.58%,Eyes_Natural 79.21%,Hats_White_fedora 1.58%,,Assets_icecream 2.48%,42.09158416,https://ipfs.io/ipfs/QmcwdWvCWW8Zugid8a8AbJb3FdqCwMnfDzj9Rz4Rieh3jg
#1009,854,Background_Northern_mountains 2.08%,Body_Natural 77.03%,Costume_Royal_uniform 0.30%,Face_Natural 81.58%,Eyes_Natural 79.21%,Hats_napoleon 0.69%,,Assets_Mic 4.95%,42.1039604,https://ipfs.io/ipfs/QmZ9nMD3TTg42MGeCrTUfN5pSvjo9EMdwsUGWbpC7sF37h
#155,855,Background_Beach 2.87%,Body_Natural 77.03%,Costume_Hodl_hoodie_Teal 1.58%,Face_Natural 81.58%,Eyes_Natural 79.21%,Hats_Terra_Cap 0.59%,,Assets_Laptop 2.97%,42.1039604,https://ipfs.io/ipfs/QmNancEC34FQAAFjQSswBCwcJSp9TbadweasCfPd31eb2V
#486,856,Background_Beach 2.87%,Body_Natural 77.03%,Costume_Black_suit 0.79%,Face_Natural 81.58%,Eyes_Natural 79.21%,,Goggles_DrugLord 1.39%,Assets_Pipe_red 2.97%,42.1039604,https://ipfs.io/ipfs/QmTAkhk3SMvBSFaUW9vrdSEM4es7mMsjJqjY9YA7sKSnqQ
#979,857,Background_Warm_winter 2.67%,Body_Natural 77.03%,,Face_Natural 81.58%,Eyes_Natural 79.21%,Hats_napoleon 0.69%,Goggles_snoop 1.68%,Assets_Pipe_red 2.97%,42.1039604,https://ipfs.io/ipfs/QmX7eXBcdg6ee8VySEch7UEAAigFr5UrQY9B9Yaz1XjeZ9
#102,858,Background_Japanese_Mist 2.18%,Body_Natural 77.03%,Costume_1984_Hoodie 1.78%,Face_Natural 81.58%,Eyes_Natural 79.21%,,Goggles_simple 2.08%,Assets_High_Beer 1.98%,42.1039604,https://ipfs.io/ipfs/QmdZSFXgjjA1aHpj3XwHxbigEeGcUFF2bLSpXMgYFzdpr3
#239,859,Background_Desert 1.88%,Body_Natural 77.03%,Costume_Trainer_green 1.58%,Face_Natural 81.58%,Eyes_Natural 79.21%,Hats_Boy_cap 2.57%,,Assets_High_Beer 1.98%,42.1039604,https://ipfs.io/ipfs/QmPPdA89G5c6CR7fmoWGV4PUuCervGVUnNnAqMzt6sBXok
#381,860,Background_Evening_Tv 2.67%,Body_Natural 77.03%,,Face_Natural 81.58%,Eyes_Natural 79.21%,Hats_Bucket_red 1.49%,Goggles_Writer 1.58%,Assets_Basketball 2.38%,42.11633663,https://ipfs.io/ipfs/QmTMKmGqPjKgNDGbGvcWL5y3oZX85A8xD4mh9E2w2bob8f
#373,861,background_Gradient_reversed 1.19%,Body_Natural 77.03%,Costume_Obey_Hoodie 2.57%,Face_Natural 81.58%,Eyes_Natural 79.21%,Hats_Winter 2.28%,,Assets_Football 2.08%,42.11633663,https://ipfs.io/ipfs/QmTiS9emXFqaiPTGALyTkTkgoJyiBjXjCYuXcxRHDN43W8
#273,862,Background_Japanese_Mist 2.18%,Body_Natural 77.03%,,Face_Natural 81.58%,Eyes_Natural 79.21%,Hats_Mohawk_red 2.57%,Goggles_Studio54 1.19%,Assets_crazy_monkey 2.28%,42.12871287,https://ipfs.io/ipfs/QmcCSUo6kTqfHMJksJyQtQPixadJA8g8vuoHmr8LR33CLt
#350,863,Background_Blue_circus_2 2.28%,Body_Natural 77.03%,,Face_Natural 81.58%,Eyes_Natural 79.21%,Hats_Burger 3.37%,Goggles_Oldtimer_gold_Blue 1.98%,Assets_Bloody_sword 0.59%,42.12871287,https://ipfs.io/ipfs/QmThtELtKco1dT2XpKcgFjMobwrmY2Ez9KVzkcUZcn3Dcr
#262,864,Background_Teal 1.78%,Body_Natural 77.03%,Costume_President_suit 1.88%,Face_Natural 81.58%,Eyes_Natural 79.21%,Hats_Boy_cap 2.57%,,Assets_High_Beer 1.98%,42.12871287,https://ipfs.io/ipfs/QmdZ19E4Xk3VQumbf5sMNPZRmEXK9FpmCbyGFaL2jtfUWJ
#613,865,Background_Purple_Circus 3.17%,Body_Natural 77.03%,Costume_Trainer_hoodie 2.28%,Face_Natural 81.58%,Eyes_Natural 79.21%,,Goggles_Oldtimer 1.68%,Assets_Gold_Mic 1.19%,42.14108911,https://ipfs.io/ipfs/QmSkFprG8vkkLTcyaXmB3n8vPZqTsvSCXjTAtb4KsMHK6L
#152,866,Background_Velvet 1.98%,Body_Natural 77.03%,Costume_Obey_Hoodie 2.57%,Face_Natural 81.58%,Eyes_Natural 79.21%,Hats_Ghostrider_blue 1.29%,,Assets_icecream 2.48%,42.14108911,https://ipfs.io/ipfs/QmdgbarKHbaHXRworHCPCvRHdNXzBEau8xDGPuz5a2bd1Z
#97,867,Background_Mars 2.28%,Body_Natural 77.03%,Costume_Trainer_red 1.58%,Face_Natural 81.58%,Eyes_Natural 79.21%,,Goggles_simple 2.08%,Assets_Bong_simple 2.48%,42.15346535,https://ipfs.io/ipfs/QmccbZcLiQNUWcYnAvNaaZRpvpvYBms6RqxzQ4r8CHRPFM
#978,868,Background_City 2.08%,Body_Natural 77.03%,Costume_Box_Champion_Belt 1.49%,Face_Natural 81.58%,Eyes_Natural 79.21%,Hats_Mohawk_red 2.57%,,Assets_crazy_monkey 2.28%,42.15346535,https://ipfs.io/ipfs/QmaRek4wZVEJ4ntwF47YQgsy1jKmG9CH6Kvs8GjW2WpAMV
#436,869,Background_Desert_Moon 1.39%,Body_Natural 77.03%,Costume_Luchador_Verde 0.69%,Face_Natural 81.58%,Eyes_Natural 79.21%,,Goggles_Retro_Future 1.49%,Assets_Mic 4.95%,42.16584158,https://ipfs.io/ipfs/QmaWb6U9LYPkvyfmSwzvw3XAMjnPRpwMHtLUciskadfzvb
#674,870,background_Virtual_space 2.48%,Body_Natural 77.03%,Costume_Basketball_Jersey_Balls 0.89%,Face_Natural 81.58%,Eyes_Natural 79.21%,Hatss_Luchador_Pesadilla_Azul 0.20%,,Assets_Mic 4.95%,42.16584158,https://ipfs.io/ipfs/QmZHCJTT5Jam7mYZtK32qDai5gj7VgQiHB5B8qYKbLxZHN
#90,871,Background_Warm_winter 2.67%,Body_Natural 77.03%,Costume_Netscape_tee 1.88%,Face_Natural 81.58%,Eyes_Natural 79.21%,,Goggles_Android_assassin 1.98%,Assets_dynamite 1.98%,42.16584158,https://ipfs.io/ipfs/QmcKWiQDZr7oMA7kikiXGgYTvH6Q75CEJXKEYvA8EWWvy3
#275,872,Background_Velvet 1.98%,Body_Natural 77.03%,Costume_President_suit 1.88%,Face_Natural 81.58%,Eyes_Natural 79.21%,Hats_Burger 3.37%,Goggles_Bitcoin 1.39%,,42.17821782,https://ipfs.io/ipfs/QmVQQRgXF6ZqkdZhkg3KfG4SZp6S2eEpqaei25DPuiRnMG
#995,873,Background_Purple_Circus 3.17%,Body_Natural 77.03%,Costume_Hunter_S_Thompson_Flowers 0.89%,Face_Natural 81.58%,Eyes_Natural 79.21%,,Goggles_blue 1.29%,Assets_Ser_Beer 3.47%,42.2029703,https://ipfs.io/ipfs/QmNu4RcTD4YefdMmwEpJeLacGPj1GnqJKzmyB275XLviL2
#428,874,Background_Nevada 2.67%,Body_Natural 77.03%,,Face_Natural 81.58%,Eyes_Natural 79.21%,Hats_angel 0.59%,Goggles_architect 0.69%,Assets_Mic 4.95%,42.21534653,https://ipfs.io/ipfs/QmSM3yFagWn1AvJ7ZHVFxBjNWkrvzLKNWFj9KE8fDKFKn8
#668,875,Background_Blue_circus 2.48%,Body_Natural 77.03%,,Face_Natural 81.58%,Eyes_Natural 79.21%,Hats_Punk 1.09%,Goggles_Police 0.40%,Assets_Mic 4.95%,42.21534653,https://ipfs.io/ipfs/QmXhYx5FcW3t8dU28rPxvHBCVATGupGnWXVf3botXoSN6S
#330,876,Background_Clouds 1.68%,Body_Natural 77.03%,Costume_Whale_Hoodie 1.49%,Face_Natural 81.58%,Eyes_Natural 79.21%,Hats_Yellow_fedora 0.79%,,Assets_Mic 4.95%,42.21534653,https://ipfs.io/ipfs/QmPUtZv9GagBbWmb7Z7bXLigQuHqTSkTZz8YoefTRPTSi9
#207,877,background_Spectrum 2.67%,Body_Natural 77.03%,Costume_LFG_Hoodie 2.18%,Face_Natural 81.58%,Eyes_Natural 79.21%,Hats_Winter 2.28%,,Assets_Pipe_blue 1.78%,42.21534653,https://ipfs.io/ipfs/QmWqWXPA6Ki5Hk1Qv3mBH3mMY5L1uf9KQ1QNeKrpDTpo4E
#319,878,Background_Beach 2.87%,Body_Natural 77.03%,Costume_Basketball_Jersey_Lockers 0.59%,Face_Natural 81.58%,Eyes_Natural 79.21%,Hats_Banana_Cap 0.59%,,Assets_Mic 4.95%,42.22772277,https://ipfs.io/ipfs/QmbobeRR7PX8HKiC9PAtwM8yRdu3W85doEYbw8xNeCQQxR
#465,879,Background_Blue 1.68%,Body_Natural 77.03%,Costume_LFG_Hoodie 2.18%,Face_Natural 81.58%,Eyes_Natural 79.21%,Hats_Ghostrider_gold_teeth 0.30%,,Assets_Mic 4.95%,42.24009901,https://ipfs.io/ipfs/QmTmQS3jpZmFbzehWAKJmiWHc5uMpPayeyNN9hMchiqTc9
#391,880,Background_Warm_winter 2.67%,Body_Natural 77.03%,Costume_Wagmi_Relax_tee 0.99%,Face_Natural 81.58%,Eyes_Natural 79.21%,Hats_Burger 3.37%,,Assets_crazy_monkey 2.28%,42.26485149,https://ipfs.io/ipfs/QmNu1wmJkA8WPNvzRk2R3qkogKtBpn534wKza8VXrErWNW
#299,881,Background_City_Bright 1.19%,Body_Natural 77.03%,Costume_Wtv_Hoodie 1.78%,Face_Natural 81.58%,Eyes_Natural 79.21%,Hats_yacht_cap 1.49%,,Assets_Mic 4.95%,42.27722772,https://ipfs.io/ipfs/QmY8n5pKS847JkFJU1YYhKPCnhpN2PGDCDcmu2myarj8Ue
#447,882,Background_Blue 1.68%,Body_Natural 77.03%,Costume_Black_suit 0.79%,Face_Natural 81.58%,Eyes_Natural 79.21%,,Goggles_Oldtimer_gold_Blue 1.98%,Assets_Mic 4.95%,42.27722772,https://ipfs.io/ipfs/QmZZhyxjXUvRMujBhckviG74ggL7DgSnZQXhgYHwGisEwC
#581,883,background_Virtual_space 2.48%,Body_Natural 77.03%,Costume_Trainer_red 1.58%,Face_Natural 81.58%,Eyes_Natural 79.21%,Hats_Burger 3.37%,Goggles_Miami_Club 1.98%,,42.27722772,https://ipfs.io/ipfs/Qmb4n3aBnnDrJAR2apxbeFGU68iNrU1tVypjPeVTvBKYGF
#387,884,Background_Evening_Tv 2.67%,Body_Natural 77.03%,Costume_Trainer_hoodie 2.28%,Face_Natural 81.58%,Eyes_Natural 79.21%,,Goggles_simple 2.08%,,42.28960396,https://ipfs.io/ipfs/QmedPQMP8Pryx7P3WRhz7gVzsYeicUgzH8Az3pX1CbYWxV
#64,885,background_Spectrum 2.67%,Body_Natural 77.03%,Costume_Ofend_Hoodie 1.98%,Face_Natural 81.58%,Eyes_Natural 79.21%,Hats_Classic 1.49%,,Assets_Ser_Beer 3.47%,42.3019802,https://ipfs.io/ipfs/QmPvnRxJz15dprjqDnu2EFpPbxKW6skc2cZb7eL4cyMaoa
#24,886,Background_School_of_Witchcraft 0.59%,Body_Natural 77.03%,Costume_Ofend_Hoodie 1.98%,Face_Natural 81.58%,Eyes_Natural 79.21%,Hats_Winter 2.28%,,Assets_Mic 4.95%,42.32673267,https://ipfs.io/ipfs/QmUKvgR5H2o8WvgGu9NAkPJ6NqPjYbiDSAiEuyM3YuWoWJ
#828,887,background_Spectrum 2.67%,Body_Natural 77.03%,,Face_Natural 81.58%,Eyes_Natural 79.21%,Hats_Mohawk_red 2.57%,Goggles_Robot_metal 1.68%,Assets_Pipe_red 2.97%,42.33910891,https://ipfs.io/ipfs/QmQMRqi1UC9ffN5Q6fi2rzyxkaVtfnWso1SCnKK1Egm6Qo
#700,888,Background_cigarettes 0.79%,Body_Natural 77.03%,,Face_Natural 81.58%,Eyes_Natural 79.21%,,Goggles_math 1.98%,Assets_Mic 4.95%,42.37623762,https://ipfs.io/ipfs/QmUCXuJgGTaAdHk7bKk4BUYZ9L4t7h9mNpxANYojJGpJKh
#762,889,Background_Purple_Circus 3.17%,Body_Natural 77.03%,Costume_Netscape_tee 1.88%,Face_Natural 81.58%,Eyes_Natural 79.21%,Hats_Burger 3.37%,Goggles_Miami_Club 1.98%,,42.4009901,https://ipfs.io/ipfs/QmSXmKYJCSkx1cBjAXFTnbrf7FXXrfgNHaafQoXMDEwkhr
#525,890,background_Virtual 1.98%,Body_Tiger_blue 1.19%,Costume_Hodl_hoodie_Teal 1.58%,Face_Natural 81.58%,Eyes_Natural 79.21%,,,,42.75577558,https://ipfs.io/ipfs/QmRM1Acz84RdDECy3yM4bbJew4ymwaC1MH7cHQ64vscH5D
#215,891,Background_Ingame_Hills 0.50%,Body_Blue 3.66%,,Face_Natural 81.58%,Eyes_Natural 79.21%,,,Assets_Pipe_blue 1.78%,42.95379538,https://ipfs.io/ipfs/QmVS4uEn85GXpW6oDhNKMRimaYeke4K92VR8R84Zx1f9oJ
#683,892,Background_Soft_green 1.39%,Body_Golden 4.55%,Costume_Basketball_Jersey_Gold 0.69%,Face_Natural 81.58%,Eyes_Natural 79.21%,,,,43.06930693,https://ipfs.io/ipfs/QmcNSL38X3XBdbJMy6qcD2x5GtVamAvkcQ66ZC88cXXbfP
#88,893,Background_Purple_Circus 3.17%,Body_Blue 3.66%,,Face_Natural 81.58%,Eyes_Natural 79.21%,,,Assets_Cigarette_extesion 0.69%,43.21782178,https://ipfs.io/ipfs/QmSnWMztxXFDqfUMhA5xjVynPHD1YBPwVAVFRK91wh2YUX
#678,894,Background_Egypt 1.29%,Body_Purple 3.17%,,Face_Natural 81.58%,Eyes_Natural 79.21%,,,Assets_Ser_Beer 3.47%,43.28382838,https://ipfs.io/ipfs/QmTHx5HPdEUHyL37FYMEbP4vheQcAkQf5oRFfjcqGpQTa6
#956,895,Background_Northern 0.99%,Body_Natural 77.03%,,Face_Natural 81.58%,Eyes_Stoned 11.49%,,,Assets_big_joint 0.50%,43.76237624,https://ipfs.io/ipfs/QmQ4Wem4ZyhaGtR4Kz8mZGmf96A5drsssS4J98qKQRMfiu
#489,896,Background_Beach 2.87%,Body_Natural 77.03%,,Face_Pink 14.16%,Eyes_Natural 79.21%,Hats_Nintendo 1.29%,,,44.25742574,https://ipfs.io/ipfs/Qmev36M5NdgQTSSWzFMiKcSgrjJbYkmPE6MhE6Ny2E5Y2H
#720,897,Background_Nevada 2.67%,Body_Natural 77.03%,Costume_Netscape_tee 1.88%,Face_Pink 14.16%,Eyes_Natural 79.21%,,,,44.32343234,https://ipfs.io/ipfs/QmWNLoDiizkp7ECWr5CQF7EZvc7A19xyvw9xQRaMsZRkTu
#677,898,background_banknotes_purple 0.10%,Body_Natural 77.03%,,Face_Natural 81.58%,Eyes_Natural 79.21%,Hats_420 0.50%,Goggles_Robot_gold_red 0.59%,,47.14285714,https://ipfs.io/ipfs/Qmd2FzeBDbiSRriaP4ihLvAf3NNEtw9BeDyWLExqeaqSs1
#575,899,Background_Westcoast 0.79%,Body_Natural 77.03%,,Face_Natural 81.58%,Eyes_Natural 79.21%,Hats_Gold_headset 0.50%,Goggles_3d 0.50%,,47.22772277,https://ipfs.io/ipfs/QmNiZjg8j4nBsb8ygkQNEQLGZw6FtuB8eQxTdV9Rr2aSn1
#44,900,background_banknotes_blue2 0.30%,Body_Natural 77.03%,,Face_Natural 81.58%,Eyes_Natural 79.21%,Hats_beanie 1.19%,Goggles_schoolboy 0.79%,,47.29844413,https://ipfs.io/ipfs/QmZEtDPBKCzuG7NoWbW6C3AjRpH4fZ3ueiFzeSMF7G8Dup
#479,901,Background_Sky 0.99%,Body_Natural 77.03%,,Face_Natural 81.58%,Eyes_Natural 79.21%,,Goggles_Gold_24K 1.19%,Assets__gold 0.10%,47.29844413,https://ipfs.io/ipfs/QmXszmLVM8fNviwjPMdkgYDsBGt8AMuzN8kNcMv1kTkVfu
#834,902,Background_Brightblue 1.88%,Body_Natural 77.03%,,Face_Natural 81.58%,Eyes_Natural 79.21%,Hats_420 0.50%,Goggles_3d 0.50%,,47.38330976,https://ipfs.io/ipfs/QmQTzeW17QeKvzrTAebtZ8VcZdpqv9LT7ynjXhdBqeoBmQ
#250,903,Background_Clouds 1.68%,Body_Natural 77.03%,,Face_Natural 81.58%,Eyes_Natural 79.21%,,Goggles_Club_Tropicana 0.59%,Assets_Robin 0.69%,47.39745403,https://ipfs.io/ipfs/Qmf8mRRixmt9pRb2NKFC76xoKxMpTBWCs13ssW2sCdeder
#317,904,background_Virtual 1.98%,Body_Natural 77.03%,Costume_Yellow_suit 0.50%,Face_Natural 81.58%,Eyes_Natural 79.21%,Hats_Backetball_afro 0.50%,,,47.39745403,https://ipfs.io/ipfs/Qmd3ZH32vGi13pJnPTYWMx1FrWWrcmqxFTvxD8FW7TQ2yj
#746,905,Background_Planet 1.98%,Body_Natural 77.03%,Costume_Firefighter 0.69%,Face_Natural 81.58%,Eyes_Natural 79.21%,Hats_Soviet 0.40%,,,47.4115983,https://ipfs.io/ipfs/QmW8wme5GXkvVKc8gb9cQ7uLCiAMKNJCBSiboKAwLiB19d
#671,906,Background_Velvet 1.98%,Body_Natural 77.03%,Costume_Robot_Gold 0.69%,Face_Natural 81.58%,Eyes_Natural 79.21%,,Goggles_Tony_Montana 0.50%,,47.42574257,https://ipfs.io/ipfs/QmSybPCSqwziPrK1D5mgLrb2grHuCrTgMzBdZBbnGNBrFv
#210,907,background_Coins_teal 0.50%,Body_Natural 77.03%,Costume_Obey_Hoodie 2.57%,Face_Natural 81.58%,Eyes_Natural 79.21%,Hats_American_Football 0.20%,,,47.43988685,https://ipfs.io/ipfs/QmPcqwkq69CodkFsEEzTDHt23v23af81tPAPYC4JRfTScR
#463,908,Background_Warm_Red 1.09%,Body_Natural 77.03%,Costume_Smartass_tee 1.58%,Face_Natural 81.58%,Eyes_Natural 79.21%,,,,47.45403112,https://ipfs.io/ipfs/QmZiiLGCvFUpntgoW2fjzb7crhXRNuX8KBgfa8LV5A9vdt
#787,909,background_Pink_red 1.68%,Body_Natural 77.03%,,Face_Natural 81.58%,Eyes_Natural 79.21%,,Goggles_agent_green 0.50%,Assets_MIB 1.19%,47.45403112,https://ipfs.io/ipfs/QmfBuLajLthidRvgote4CLMPXPgXZHFyciama2Y8ztCYow
#785,910,Background_Northern_mountains 2.08%,Body_Natural 77.03%,Costume_Loop_Hoodie 0.40%,Face_Natural 81.58%,Eyes_Natural 79.21%,Hats_Loop_Protocol_cap 0.99%,,,47.46817539,https://ipfs.io/ipfs/QmQRBSB6FfZDJbKC7f9jYwyH61tyDa5iQAGTHBz71GtVYn
#821,911,Background_warm_Blue 1.88%,Body_Natural 77.03%,Costume_Astro_Blue 0.50%,Face_Natural 81.58%,Eyes_Natural 79.21%,,Goggles_agent 1.29%,,47.49646393,https://ipfs.io/ipfs/QmPqQsuMGgP2CgZCKW6yiYsxsBr94dtTGtDLhyMzU8H2FS
#823,912,Background_Blue_Planet 1.88%,Body_Natural 77.03%,,Face_Natural 81.58%,Eyes_Natural 79.21%,,Goggles_Driver 1.19%,Assets_Bling_AK 0.59%,47.49646393,https://ipfs.io/ipfs/QmQQNhPhS1f7BMu669ZHGYMxS4VJZqdYAqa7dgfGsbB69u
#938,913,Background_Earth 2.77%,Body_Natural 77.03%,,Face_Natural 81.58%,Eyes_Natural 79.21%,,Goggles_Lolita 0.30%,Assets_Bling_AK 0.59%,47.49646393,https://ipfs.io/ipfs/QmVrPrroh7LqX7sBSm7DpJYYM5RJQc1BjHXbudwpAEA4Mh
#189,914,Background_Miami_simple 1.88%,Body_Natural 77.03%,Costume_President_suit_2 0.69%,Face_Natural 81.58%,Eyes_Natural 79.21%,,,Assets_Gold_Mic 1.19%,47.5106082,https://ipfs.io/ipfs/QmNjqPJ4AugrmJFuURTgkMp2HFhKpnYotAfRsoBCAkve6P
#502,915,Background_Northern 0.99%,Body_Natural 77.03%,,Face_Natural 81.58%,Eyes_Natural 79.21%,Hats_Bucket_fashion 1.49%,,Assets_Rainbow_teeth 1.39%,47.52475248,https://ipfs.io/ipfs/QmUzstT4cE3f44RS9eQMsyH3UiukMCpbUHzzG8qqxQ2vnu
#272,916,Background_Northern 0.99%,Body_Natural 77.03%,Costume_Banana_Hoodie 2.18%,Face_Natural 81.58%,Eyes_Natural 79.21%,,,Assets_Harry_Potter_stick 0.69%,47.52475248,https://ipfs.io/ipfs/QmU25M45EfbERRB5y5mJ1k4qUutCJJt8FNejXqmMvTtFj9
#961,917,Background_Velvet 1.98%,Body_Natural 77.03%,,Face_Natural 81.58%,Eyes_Natural 79.21%,Hats_Classic 1.49%,Goggles_Tony_Montana 0.50%,,47.53889675,https://ipfs.io/ipfs/QmbSz4sZ4KcCDzTj2u1R9y8k9NhZeqJ8q5hn9wMp6Vb8W8
#198,918,Background_City_Bright 1.19%,Body_Natural 77.03%,Costume_Anchor_hoodie 0.20%,Face_Natural 81.58%,Eyes_Natural 79.21%,Hats_Mohawk_red 2.57%,,,47.53889675,https://ipfs.io/ipfs/QmXcRdVMmrkYfwDAjt5EMwqTZyas97jWdJgBtvvvdPLJoY
#665,919,Background_Soft_red 1.09%,Body_Natural 77.03%,Costume_Loop_T-shirt 0.30%,Face_Natural 81.58%,Eyes_Natural 79.21%,Hats_Mohawk_red 2.57%,,,47.53889675,https://ipfs.io/ipfs/QmS1KdVXCkhKA1WGwNDxPoGox4MEuTJED6SNdvhZfz9yGf
#858,920,Background_Westcoast_evening 0.79%,Body_Natural 77.03%,,Face_Natural 81.58%,Eyes_Natural 79.21%,,,Assets_Bling_Gangster 0.69%,47.53889675,https://ipfs.io/ipfs/Qmcwf9Zod5hZohLinvLgQVQLtU3nmBepHYx8qC7YzJQ7KD
#164,921,Background_Egypt 1.29%,Body_Natural 77.03%,,Face_Natural 81.58%,Eyes_Natural 79.21%,Hats_Bucket_fashion 1.49%,,Assets_rodent_teeth 1.29%,47.55304102,https://ipfs.io/ipfs/QmQGTwEp6KoW2i5fzyTFcrCjFWt83NNfEhXLB9JgZkvUcX
#229,922,Background_Brightblue 1.88%,Body_Natural 77.03%,Costume_Lunatic_Hoodie 1.09%,Face_Natural 81.58%,Eyes_Natural 79.21%,,Goggles_80s 1.09%,,47.55304102,https://ipfs.io/ipfs/QmQwcgFAE1GDy4MKPUmea1d7kHwmnAAYLyxF7q6eMLLazT
#991,923,Background_Virtual-desert 1.09%,Body_Natural 77.03%,,Face_Natural 81.58%,Eyes_Natural 79.21%,Hats_ATH 0.89%,,Assets_Player 2.08%,47.55304102,https://ipfs.io/ipfs/QmYxPNx5PkQ5S5g1joU7qeGBznBRKpUwVgzBQuS8pcd3yc
#687,924,background_Spectrum 2.67%,Body_Natural 77.03%,,Face_Natural 81.58%,Eyes_Natural 79.21%,Hats_Terra_Cap 0.59%,,Assets_Shotgun 0.89%,47.56718529,https://ipfs.io/ipfs/QmZYdkKmxW1EK7FtnDHC9ELn5XGUstg4AAWqKhGEQr8xfe
#705,925,Background_City_night 2.57%,Body_Natural 77.03%,Costume_Karate_Kimono_red 1.09%,Face_Natural 81.58%,Eyes_Natural 79.21%,,Goggles_VR_X 0.50%,,47.56718529,https://ipfs.io/ipfs/QmSuW7AfCFyRzCX7fYGNuf1LQfCXxjVAECLbg4WZtaCCnD
#624,926,Background_Planet 1.98%,Body_Natural 77.03%,,Face_Natural 81.58%,Eyes_Natural 79.21%,Hats_Atari_Black_Cap 0.79%,Goggles_Retro_Future 1.49%,,47.58132956,https://ipfs.io/ipfs/QmbHLNDuj1iJd4g6wcf37LGiZUVLTAe9dR5PNZPKa9dkRe
#254,927,Background_Warm_winter 2.67%,Body_Natural 77.03%,,Face_Natural 81.58%,Eyes_Natural 79.21%,Hats_Whale_cap 0.99%,,Assets_Bling_Gangster 0.69%,47.59547383,https://ipfs.io/ipfs/QmXNyYfEeQpPUXXQkNiAMdh4qeLrjwKPAtxANxeCDiX6CW
#699,928,Background_Teal 1.78%,Body_Natural 77.03%,Costume_mad_max 0.50%,Face_Natural 81.58%,Eyes_Natural 79.21%,,,Assets_Football 2.08%,47.59547383,https://ipfs.io/ipfs/QmTBxc3RC7EGP41F6mmBGopRVeJoa3TKzkEpzfo852m8kd
#737,929,background_Pink_red 1.68%,Body_Natural 77.03%,Costume_LFG_Hoodie 2.18%,Face_Natural 81.58%,Eyes_Natural 79.21%,Hats_Bucket_Teal 0.50%,,,47.59547383,https://ipfs.io/ipfs/QmQ2BXs2nrNqzGA8MaFH7udzx4rxEz4WbwDVzT2Nbfs4iJ
#721,930,Background_Desert_Moon 1.39%,Body_Natural 77.03%,Costume_Trainer_green 1.58%,Face_Natural 81.58%,Eyes_Natural 79.21%,Hats_Classic 1.49%,,,47.6096181,https://ipfs.io/ipfs/QmVqz5HkKjQigxf3K5i3ZjMFtT6E3WofiLuo853iPFKhtd
#614,931,Background_Teal 1.78%,Body_Natural 77.03%,,Face_Natural 81.58%,Eyes_Natural 79.21%,,Goggles_flat 1.49%,Assets_money_warm 1.29%,47.62376238,https://ipfs.io/ipfs/Qmdy9yefmAZNKrpeShvrhKUJkAnDQnT5JSYm2irKZgB22t
#681,932,Background_Clouds 1.68%,Body_Natural 77.03%,Costume_Karate_Kimono_Blue 0.99%,Face_Natural 81.58%,Eyes_Natural 79.21%,,,Assets_vampireteeth 1.88%,47.62376238,https://ipfs.io/ipfs/Qma8EpAyqZZHNXFTHUJuvK3BcLW7Ec36xXv24k6x1evh57
#621,933,Background_Desert_Moon 1.39%,Body_Natural 77.03%,Costume_Trainer_hoodie 2.28%,Face_Natural 81.58%,Eyes_Natural 79.21%,Hats_G_Cap 0.89%,,,47.62376238,https://ipfs.io/ipfs/QmbwYrQGx1n8HLiLprBGhKa6Mp6vV4mhUqgzeG3aQUpQed
#341,934,Background_City_night 2.57%,Body_Natural 77.03%,,Face_Natural 81.58%,Eyes_Natural 79.21%,,Goggles_Cuban_Dream 1.58%,,47.63790665,https://ipfs.io/ipfs/QmXdGneYmfM6LLBiVn14C9Tza3E7c2PZujdvVpyTMysmjD
#404,935,Background_City 2.08%,Body_Natural 77.03%,,Face_Natural 81.58%,Eyes_Natural 79.21%,Hats_Spikes_Red 1.19%,,Assets_Bling_gun 1.39%,47.63790665,https://ipfs.io/ipfs/QmZXq1E7cCsoP5jNbnumApXNuNoyQtFCSXEKNUqvZUfNHi
#566,936,Background_Miami_simple 1.88%,Body_Natural 77.03%,,Face_Natural 81.58%,Eyes_Natural 79.21%,Hats_Punk 1.09%,,Assets_Cigar_thick 1.68%,47.63790665,https://ipfs.io/ipfs/Qmao51UPwSUxgpMLJbsSXY8FEpHCrsHbWJRWz276t1DBVt
#893,937,Background_Purple_Circus 3.17%,Body_Natural 77.03%,,Face_Natural 81.58%,Eyes_Natural 79.21%,,Goggles_HunterS_Thompson 0.89%,Assets_Bling_AK 0.59%,47.63790665,https://ipfs.io/ipfs/QmYBrSJcFvFiPjUbXsNLnLGenaXQVgGchrVAg49pkdxVfn
#87,938,Background_Nevada 2.67%,Body_Natural 77.03%,Costume_Wtv_Hoodie 1.78%,Face_Natural 81.58%,Eyes_Natural 79.21%,,,Assets_PUNK_Monkee 0.30%,47.65205092,https://ipfs.io/ipfs/QmVruj4R9MvX8pDpUfPqh7t2LmjDtjjPGgb1sW4q9d5M4P
#470,939,Background_Miami_simple 1.88%,Body_Natural 77.03%,Costume_Smartass_tee 1.58%,Face_Natural 81.58%,Eyes_Natural 79.21%,,Goggles_blue 1.29%,,47.65205092,https://ipfs.io/ipfs/QmTrQtFohq25gZNg6smWhwGjcPfswRvKft19kyKYVYNYfx
#611,940,Background_Pink 1.19%,Body_Natural 77.03%,,Face_Natural 81.58%,Eyes_Natural 79.21%,,Goggles_Robot_gold_red 0.59%,Assets_Laptop 2.97%,47.65205092,https://ipfs.io/ipfs/QmakeK8w1zuUUcVdEpxEBkrW34XqMK1hGiGFgzJkjqgEMd
#93,941,Background_Planet 1.98%,Body_Natural 77.03%,,Face_Natural 81.58%,Eyes_Natural 79.21%,,Goggles_Cuban_Dream 1.58%,Assets_Bong_green 1.49%,47.69448373,https://ipfs.io/ipfs/QmcoM3E4rLdYL6KvEZ7siFdba5ZFWNP8H7gsaQpzBj7WzL
#48,942,Background_Nevada 2.67%,Body_Natural 77.03%,Costume_God_hoodie 1.29%,Face_Natural 81.58%,Eyes_Natural 79.21%,,,Assets_Cigar_Gold_thick 1.09%,47.69448373,https://ipfs.io/ipfs/Qmf2Qdf8Y9RiEBLs4pFfakyP8tLCFFC1UeMYF6j3TdkX1e
#789,943,Background_Nevada 2.67%,Body_Natural 77.03%,Costume_Loop_T-shirt 0.30%,Face_Natural 81.58%,Eyes_Natural 79.21%,,,Assets_Player 2.08%,47.69448373,https://ipfs.io/ipfs/QmXuyrE9DSAf1LJvGu5q48h96tVVrmHsQn9V9aKkHPKu21
#877,944,background_Virtual_space 2.48%,Body_Natural 77.03%,Costume_Banana_Hoodie 2.18%,Face_Natural 81.58%,Eyes_Natural 79.21%,,,,47.69448373,https://ipfs.io/ipfs/QmXDiECNFHw4L6TSw3bKskMPdvAhPPKukFR5cj6wQUYvgM
#424,945,Background_Earth 2.77%,Body_Natural 77.03%,Costume_God 0.79%,Face_Natural 81.58%,Eyes_Natural 79.21%,Hats_yacht_cap 1.49%,,,47.69448373,https://ipfs.io/ipfs/QmawELkmNY17AVt2FdcV2NfHoNuhNXY8pKhjr5FbAGGBR8
#149,946,Background_Desert 1.88%,Body_Natural 77.03%,Costume_Ofend_Hoodie 1.98%,Face_Natural 81.58%,Eyes_Natural 79.21%,,,Assets_rodent_teeth 1.29%,47.70862801,https://ipfs.io/ipfs/QmU2ACYBVPhYY8aAN7bytrpzcxrXdjezeE13AzYdjoaY4j
#220,947,Background_Purple_Circus 3.17%,Body_Natural 77.03%,,Face_Natural 81.58%,Eyes_Natural 79.21%,,Goggles_sunglasses 1.29%,Assets_Bling_Gangster 0.69%,47.70862801,https://ipfs.io/ipfs/QmQQXaHYvs1GxBeghgx7o6E2gnrPFip8URkAAp9i2Dxg88
#520,948,background_Spectrum 2.67%,Body_Natural 77.03%,Costume_Napoleon 1.19%,Face_Natural 81.58%,Eyes_Natural 79.21%,,,Assets_Cigarette 1.29%,47.70862801,https://ipfs.io/ipfs/QmUVbDMXxWUXdmXpKH9FJumcHcgTfahGPNe7FfWnSX3AC1
#592,949,background_Spectrum_reversed 1.49%,Body_Natural 77.03%,,Face_Natural 81.58%,Eyes_Natural 79.21%,Hats_Winter 2.28%,,Assets_Bling_gun 1.39%,47.70862801,https://ipfs.io/ipfs/QmaX1hanXcYxmMGvWoSDJ341ARDiQ83ty2NX7EWUsjN2E9
#58,950,Background_Earth 2.77%,Body_Natural 77.03%,,Face_Natural 81.58%,Eyes_Natural 79.21%,Hats_Winter_headphones_Pink 0.89%,Goggles_Writer 1.58%,,47.72277228,https://ipfs.io/ipfs/QmVNwpgqihgbMJA4DiK7zNzfJNAFk4KHaga6Hu9uBdnDep
#190,951,Background_Blue 1.68%,Body_Natural 77.03%,,Face_Natural 81.58%,Eyes_Natural 79.21%,,Goggles_Android_assassin 1.98%,Assets_Cigar_gold 1.68%,47.73691655,https://ipfs.io/ipfs/QmSrTSHWwVfbh4GwQHZLkkrc1bSSvaN6YGmGDCv3RuSyMS
#840,952,Background_Earth 2.77%,Body_Natural 77.03%,,Face_Natural 81.58%,Eyes_Natural 79.21%,,Goggles_bionic 1.39%,Assets_money_warm 1.29%,47.75106082,https://ipfs.io/ipfs/QmeVVkcpR8i53giU2FJWSdRuy5ofj5xc87TRTDm4DumrSe
#394,953,Background_Earth 2.77%,Body_Natural 77.03%,Costume_Terminator_Jacket 1.78%,Face_Natural 81.58%,Eyes_Natural 79.21%,,Goggles_thug 0.89%,,47.75106082,https://ipfs.io/ipfs/QmaEQcX3kRA1eqx9bKy6tVdRsVGpsP5TH2X19wVNzbEC3o
#181,954,Background_Clouds 1.68%,Body_Natural 77.03%,,Face_Natural 81.58%,Eyes_Natural 79.21%,,Goggles_dealer 1.68%,Assets_Player 2.08%,47.75106082,https://ipfs.io/ipfs/QmQH5TSkcf1feidjG3wzwA2HFVft9SDQsdTRPC68PQRZgN
#902,955,Background_Clouds 1.68%,Body_Natural 77.03%,,Face_Natural 81.58%,Eyes_Natural 79.21%,,Goggles_Robot_metal 1.68%,Assets_Player 2.08%,47.75106082,https://ipfs.io/ipfs/QmUG3N52cNVqWjF4AULsuk7xMUFdvZgnYWw2rSFdNvymSt
#727,956,Background_Future_City 0.50%,Body_Natural 77.03%,Costume_Trainer_green 1.58%,Face_Natural 81.58%,Eyes_Natural 79.21%,,,Assets_Ser_Beer 3.47%,47.76520509,https://ipfs.io/ipfs/QmY6vNRugjVWRit68B9jCNniXWTjcZN2r876HT9mekkQbk
#882,957,Background_Evening_Tv 2.67%,Body_Natural 77.03%,,Face_Natural 81.58%,Eyes_Natural 79.21%,Hats_Hunter_S_Thompson_cap 1.68%,Goggles_agent 1.29%,,47.77934936,https://ipfs.io/ipfs/QmVUgj1z1gfZZQTzRScLUUh7pdJVbTq71Sw6SejNzE6BJS
#230,958,Background_Japanese_Mist 2.18%,Body_Natural 77.03%,Costume_1984_Hoodie 1.78%,Face_Natural 81.58%,Eyes_Natural 79.21%,,Goggles_Robot_metal 1.68%,,47.77934936,https://ipfs.io/ipfs/QmbWckHG7n8KLdbxBr3KrVdHrPKLsqHwEvyQbUpffZb2M6
#579,959,Background_Warm_winter 2.67%,Body_Natural 77.03%,Costume_JudasPriest_T-shirt 0.99%,Face_Natural 81.58%,Eyes_Natural 79.21%,,,Assets_Samurai-Sword 2.08%,47.79349364,https://ipfs.io/ipfs/QmfEPChDM3Bg3UkgAjjU6zhE5NNHxiiLoqEwLfqg1DahJi
#682,960,Background_Mars 2.28%,Body_Natural 77.03%,Costume_MMA_Champion_Belt 0.50%,Face_Natural 81.58%,Eyes_Natural 79.21%,,,Assets_Laptop 2.97%,47.79349364,https://ipfs.io/ipfs/QmSjmmsCiMUVHS9TPNtJCgK4pdaUiQE9MyCbxZj2ndY82K
#546,961,Background_Mars 2.28%,Body_Natural 77.03%,Costume_Blue_Brothers_suit 1.98%,Face_Natural 81.58%,Eyes_Natural 79.21%,,,Assets_Cigar_gold 1.68%,47.82178218,https://ipfs.io/ipfs/QmSwMZUN4YHm9DmwL9ora2odAN2mzPGJjg7Se6qMGci8rs
#173,962,background_Spectrum 2.67%,Body_Natural 77.03%,Costume_Obey_Hoodie 2.57%,Face_Natural 81.58%,Eyes_Natural 79.21%,,,Assets_Skate_Wagmi_red 0.79%,47.83592645,https://ipfs.io/ipfs/QmbFM3toes31cEvY8j92cwMQogag738WVB5piuiarxMZBS
#584,963,Background_Blue_circus 2.48%,Body_Natural 77.03%,,Face_Natural 81.58%,Eyes_Natural 79.21%,Hats_Winter 2.28%,,Assets_money_warm 1.29%,47.83592645,https://ipfs.io/ipfs/QmeQ7cUZjAeepUn1sQTd8qbocA6mvb3f51QZkUJMAiFCmZ
#796,964,Background_Purple_Circus 3.17%,Body_Natural 77.03%,Costume_Trainer_green 1.58%,Face_Natural 81.58%,Eyes_Natural 79.21%,,Goggles_flat 1.49%,,47.86421499,https://ipfs.io/ipfs/QmYMRRB44rbD4BFoWWkeHL5nRxg8cLHJn966iPqL8TPKxB
#32,965,Background_cigarettes_teal 0.69%,Body_Natural 77.03%,Costume_Admiral 0.79%,Face_Natural 81.58%,Eyes_Natural 79.21%,,,Assets_Mic 4.95%,47.89250354,https://ipfs.io/ipfs/QmXyas9jzATyuU2eSfaFajhDw7jpp9Y1TC4h4vcXq7bMCb
#47,966,Background_Warm_winter 2.67%,Body_Natural 77.03%,Costume_Obey_Hoodie 2.57%,Face_Natural 81.58%,Eyes_Natural 79.21%,,Goggles_agent 1.29%,,47.90664781,https://ipfs.io/ipfs/QmXtwA6hyip6c3n8dFfnG4Hsfdxh2Ckawotq6eHZpwBj2m
#418,967,Background_Blue_Planet 1.88%,Body_Natural 77.03%,,Face_Natural 81.58%,Eyes_Natural 79.21%,Hats_Burger 3.37%,,Assets_Cigarette 1.29%,47.90664781,https://ipfs.io/ipfs/Qmd5BzGa7yj6qw3iqxbnUC9wRrNMXZ5z3i3DE2jPP2tpVH
#1008,968,Background_Purple_Circus 3.17%,Body_Natural 77.03%,Costume_Whale_Hoodie 1.49%,Face_Natural 81.58%,Eyes_Natural 79.21%,,Goggles_diamond_frame 1.88%,,47.90664781,https://ipfs.io/ipfs/QmUcgKSWr1ksUQsLq1UCqWddgBEAoSEMjuSg2Z23k3BHAA
#766,969,Background_Egypt 1.29%,Body_Natural 77.03%,Costume_Ofend_Hoodie 1.98%,Face_Natural 81.58%,Eyes_Natural 79.21%,Hats_Burger 3.37%,,,47.92079208,https://ipfs.io/ipfs/QmWQ6d45Ds7XQqa1qQ8KA3Q1pNm1q3YyL7oW1uPufjfokA
#126,970,Background_Virtual-desert 1.09%,Body_Natural 77.03%,Costume_President_suit_2 0.69%,Face_Natural 81.58%,Eyes_Natural 79.21%,,,Assets_Mic 4.95%,47.93493635,https://ipfs.io/ipfs/Qmcr7K7LVqgKmMq8GFKQNXX3Sh9NrhNdRceC1xZdSTftmS
#38,971,background_Spectrum 2.67%,Body_Natural 77.03%,Costume_Obey_Hoodie 2.57%,Face_Natural 81.58%,Eyes_Natural 79.21%,Hats_Winter_white 1.49%,,,47.93493635,https://ipfs.io/ipfs/QmRBSTmSCuhEpnxosUygDEoEf9HpgkHoaxzhUox8ACizZa
#869,972,Background_Purple_Circus 3.17%,Body_Natural 77.03%,,Face_Natural 81.58%,Eyes_Natural 79.21%,Hats_Wagmi 1.58%,,Assets_Player 2.08%,47.94908062,https://ipfs.io/ipfs/QmWQLG27n7UzSJ6SNBCtippPVbrv45n44xjEn8cunJy122
#83,973,Background_City_night 2.57%,Body_Natural 77.03%,Costume_Netscape_tee 1.88%,Face_Natural 81.58%,Eyes_Natural 79.21%,,,Assets_icecream 2.48%,47.96322489,https://ipfs.io/ipfs/QmQdV3f8TDPWJziHFAWsAgTp1qRNBg4xY1kdm8k9NNYzmu
#852,974,Background_Planet 1.98%,Body_Natural 77.03%,Costume_Psy_hoodie 0.30%,Face_Natural 81.58%,Eyes_Natural 79.21%,,,Assets_Mic 4.95%,48.00565771,https://ipfs.io/ipfs/QmNbMA3RxKgPSiqmg37AbkRDA84ehvxrRtZMB2FaXfZZVB
#599,975,Background_Purple_Circus 3.17%,Body_Natural 77.03%,Costume_Ron 0.59%,Face_Natural 81.58%,Eyes_Natural 79.21%,,,Assets_Ser_Beer 3.47%,48.00565771,https://ipfs.io/ipfs/Qmd1teXoEe3XdWR3wuQ62MioF1Ne3apf12oddAxDKf1u5w
#50,976,Background_Earth 2.77%,Body_Natural 77.03%,,Face_Natural 81.58%,Eyes_Natural 79.21%,Hats_Boy_cap 2.57%,,Assets_dynamite 1.98%,48.01980198,https://ipfs.io/ipfs/QmYqTxwd7N6bJYjWFdNAokREAVt2aQHrkAkLk5U2hCj8r4
#607,977,Background_Northern_mountains 2.08%,Body_Natural 77.03%,Costume_Wtv_Hoodie 1.78%,Face_Natural 81.58%,Eyes_Natural 79.21%,,,Assets_Ser_Beer 3.47%,48.01980198,https://ipfs.io/ipfs/QmYBriZMxj3heZjwtBx3JtENnCytNkJVLz1HMnRT3K5Su4
#784,978,Background_Beach 2.87%,Body_Natural 77.03%,,Face_Natural 81.58%,Eyes_Natural 79.21%,Hats_White_fedora 1.58%,,Assets_Pipe_red 2.97%,48.03394625,https://ipfs.io/ipfs/QmdiSaHgWdn4dSHK78guNvjDpj6kYtmFkPSjQTdtvycguD
#518,979,Background_Brightblue 1.88%,Body_Natural 77.03%,,Face_Natural 81.58%,Eyes_Natural 79.21%,,Goggles_Robot_metal 1.68%,Assets_Mic 4.95%,48.18953324,https://ipfs.io/ipfs/QmWXgwckeuf2Q8KqY83y7P2yq9jBwsYWzW693CL7bLEDwX
#872,980,background_Coins_teal 0.50%,Body_Tiger_red 0.89%,,Face_Natural 81.58%,Eyes_Natural 79.21%,,,,50.63366337,https://ipfs.io/ipfs/QmaML8j6tSnC56mWdC28aX9xmWNq6c3WyEPVLPFJqR6ptj
#216,981,Background_Asgard 0.20%,Body_Natural 77.03%,,Face_Natural 81.58%,Eyes_Natural 79.21%,,,Assets_High_Beer 1.98%,55.1650165,https://ipfs.io/ipfs/QmaFtJ6zsBvf4QLRbaBZSeQ35svzySQBkmnbPdne7CSdzF
#82,982,Background_Desert_Moon 1.39%,Body_Natural 77.03%,Costume_Luna_Hoodie 1.09%,Face_Natural 81.58%,Eyes_Natural 79.21%,,,,55.21452145,https://ipfs.io/ipfs/QmUWw1wmjLrNoeTtVHuhDhFwrWxG8hEA65ohsHVwjbK7MW
#903,983,background_Gradient_reversed 1.19%,Body_Natural 77.03%,,Face_Natural 81.58%,Eyes_Natural 79.21%,,,Assets_Bling_luna 1.68%,55.28052805,https://ipfs.io/ipfs/QmemQe3Vno8Ar7mJHyfRuhBGtSGiF2XEPuSWnFL589PQEp
#891,984,Background_Warm_winter 2.67%,Body_Natural 77.03%,,Face_Natural 81.58%,Eyes_Natural 79.21%,,,Assets_Matchstick 0.50%,55.330033,https://ipfs.io/ipfs/QmUYWCUhnoh3xtqJdfEeCpSrav9qX5UzeR8BMFrZASSTb1
#860,985,Background_Marine_Simple 0.99%,Body_Natural 77.03%,Costume_LFG_Hoodie 2.18%,Face_Natural 81.58%,Eyes_Natural 79.21%,,,,55.330033,https://ipfs.io/ipfs/QmeUgxyVkNzNFmfNAVyuP4JNQLZ2m2JR7yNyhGcZQBYTzb
#94,986,Background_Purple_Circus 3.17%,Body_Natural 77.03%,,Face_Natural 81.58%,Eyes_Natural 79.21%,Hats_Stitch 0.59%,,,55.4290429,https://ipfs.io/ipfs/QmTZhHwyU7DD5HcN9DCcofuiC1EaDZYrxzsn4fMhf85A7M
#958,987,Background_Blue_circus 2.48%,Body_Natural 77.03%,,Face_Natural 81.58%,Eyes_Natural 79.21%,,,Assets_Bling_gun 1.39%,55.44554455,https://ipfs.io/ipfs/QmRe5CZtci6SRDo7TWttk7iFdanzfD1SktC434QcW5csKE
#182,988,Background_Blue 1.68%,Body_Natural 77.03%,Costume_Banana_Hoodie 2.18%,Face_Natural 81.58%,Eyes_Natural 79.21%,,,,55.44554455,https://ipfs.io/ipfs/QmVxN3z2wm6AikFDFmo57zuzm3U8drKPxgKX4ymF8uYVed
#212,989,Background_Earth 2.77%,Body_Natural 77.03%,,Face_Natural 81.58%,Eyes_Natural 79.21%,Hats_White_Karate_bandana 1.19%,,,55.4620462,https://ipfs.io/ipfs/QmXttzvrBvmJYbcYpXHDoks5rJUm51QRYAFqLK4aZ8BMAA
#795,990,Background_Warm_Red 1.09%,Body_Natural 77.03%,,Face_Natural 81.58%,Eyes_Natural 79.21%,,,Assets_Mic 4.95%,55.80858086,https://ipfs.io/ipfs/QmPpZFG4Zg6bguwtNySTG7mzmx8hNQW7QZKkyK54oSLqxV
